"Month Day, Year Code",Avg Fine Particulate Matter (ľg/mł),Typical?
2003/01/01,30.81,0
2003/01/02,22.64,0
2003/01/03,13.78,1
2003/01/04,35.24,0
2003/01/05,20.08,0
2003/01/06,18.91,0
2003/01/07,21.61,0
2003/01/08,26.75,0
2003/01/09,23.38,0
2003/01/10,20.56,0
2003/01/11,24.61,0
2003/01/12,35.09,0
2003/01/13,27.43,0
2003/01/14,21.79,0
2003/01/15,14.08,1
2003/01/16,15.43,0
2003/01/17,28.64,0
2003/01/18,23.82,0
2003/01/19,26.64,0
2003/01/20,29.65,0
2003/01/21,21.93,0
2003/01/22,43.33,0
2003/01/23,26.35,0
2003/01/24,14,1
2003/01/25,14.06,1
2003/01/26,19.03,0
2003/01/27,17.32,0
2003/01/28,18.06,0
2003/01/29,32.89,0
2003/01/30,16.48,0
2003/01/31,27.96,0
2003/02/01,15.79,0
2003/02/02,7.1,1
2003/02/03,13.92,1
2003/02/04,13.32,1
2003/02/05,9.71,1
2003/02/06,14.53,1
2003/02/07,12.63,1
2003/02/08,17.22,0
2003/02/09,25.65,0
2003/02/10,24.62,0
2003/02/11,20.72,0
2003/02/12,22.91,0
2003/02/13,16.79,0
2003/02/14,14.54,1
2003/02/15,9.96,1
2003/02/16,8.75,1
2003/02/17,13.02,1
2003/02/18,16.28,0
2003/02/19,24.71,0
2003/02/20,7.6,1
2003/02/21,15.81,0
2003/02/22,14.35,1
2003/02/23,15.43,0
2003/02/24,16.59,0
2003/02/25,12.76,1
2003/02/26,8.89,1
2003/02/27,10.73,1
2003/02/28,7.91,1
2003/03/01,9.32,1
2003/03/02,8.47,1
2003/03/03,6.43,1
2003/03/04,7.8,1
2003/03/05,9.67,1
2003/03/06,11.98,1
2003/03/07,10.91,1
2003/03/08,15.2,0
2003/03/09,16.1,0
2003/03/10,14.55,1
2003/03/11,12.66,1
2003/03/12,12.12,1
2003/03/13,14.97,1
2003/03/14,10.43,1
2003/03/15,6.37,1
2003/03/16,5.05,1
2003/03/17,4.89,1
2003/03/18,6.2,1
2003/03/19,8.65,1
2003/03/20,8.49,1
2003/03/21,8.99,1
2003/03/22,10.12,1
2003/03/23,8.91,1
2003/03/24,8.83,1
2003/03/25,7.67,1
2003/03/26,7.9,1
2003/03/27,8.21,1
2003/03/28,4.27,1
2003/03/29,7.46,1
2003/03/30,7.36,1
2003/03/31,8.29,1
2003/04/01,8.73,1
2003/04/02,6.15,1
2003/04/03,5.03,1
2003/04/04,5.12,1
2003/04/05,6.92,1
2003/04/06,6.28,1
2003/04/07,7.71,1
2003/04/08,6.85,1
2003/04/09,8.39,1
2003/04/10,8.51,1
2003/04/11,9.5,1
2003/04/12,5.02,1
2003/04/13,4.97,1
2003/04/14,3.74,1
2003/04/15,5.46,1
2003/04/16,7.32,1
2003/04/17,7.15,1
2003/04/18,6.2,1
2003/04/19,11.17,1
2003/04/20,14.2,1
2003/04/21,6.49,1
2003/04/22,5.84,1
2003/04/23,8.3,1
2003/04/24,5.81,1
2003/04/25,5,1
2003/04/26,5.22,1
2003/04/27,6.33,1
2003/04/28,6.44,1
2003/04/29,5.59,1
2003/04/30,5.38,1
2003/05/01,7.99,1
2003/05/02,8.64,1
2003/05/03,3.77,1
2003/05/04,4.89,1
2003/05/05,11.04,1
2003/05/06,10.14,1
2003/05/07,7.9,1
2003/05/08,6.63,1
2003/05/09,5.3,1
2003/05/10,8.6,1
2003/05/11,10.01,1
2003/05/12,10.06,1
2003/05/13,14.95,1
2003/05/14,12.15,1
2003/05/15,10.73,1
2003/05/16,14.59,1
2003/05/17,12.31,1
2003/05/18,11.4,1
2003/05/19,17.42,0
2003/05/20,21.44,0
2003/05/21,12.62,1
2003/05/22,13.98,1
2003/05/23,19.33,0
2003/05/24,12.82,1
2003/05/25,6.62,1
2003/05/26,7.8,1
2003/05/27,13.03,1
2003/05/28,14.86,1
2003/05/29,15.56,0
2003/05/30,12.32,1
2003/05/31,10.32,1
2003/06/01,14.66,1
2003/06/02,15.49,0
2003/06/03,14.8,1
2003/06/04,10.03,1
2003/06/05,13.72,1
2003/06/06,9.68,1
2003/06/07,10.18,1
2003/06/08,15.21,0
2003/06/09,7.04,1
2003/06/10,7.83,1
2003/06/11,8.55,1
2003/06/12,9.52,1
2003/06/13,11.81,1
2003/06/14,11.09,1
2003/06/15,16.06,0
2003/06/16,18.05,0
2003/06/17,18.26,0
2003/06/18,14.84,1
2003/06/19,12.31,1
2003/06/20,6.55,1
2003/06/21,5.65,1
2003/06/22,5.87,1
2003/06/23,8.64,1
2003/06/24,10.16,1
2003/06/25,11.75,1
2003/06/26,9.97,1
2003/06/27,12.51,1
2003/06/28,15.98,0
2003/06/29,11.39,1
2003/06/30,14.46,1
2003/07/01,10.9,1
2003/07/02,8.51,1
2003/07/03,12.67,1
2003/07/04,32.63,0
2003/07/05,19.26,0
2003/07/06,11.78,1
2003/07/07,12.59,1
2003/07/08,11.39,1
2003/07/09,14.13,1
2003/07/10,16.44,0
2003/07/11,10.2,1
2003/07/12,13.05,1
2003/07/13,10.66,1
2003/07/14,11.13,1
2003/07/15,15.09,0
2003/07/16,12.01,1
2003/07/17,13.54,1
2003/07/18,14.62,1
2003/07/19,13.69,1
2003/07/20,11.04,1
2003/07/21,18.3,0
2003/07/22,12.87,1
2003/07/23,13.75,1
2003/07/24,14.98,1
2003/07/25,15.68,0
2003/07/26,10.91,1
2003/07/27,12.11,1
2003/07/28,11.83,1
2003/07/29,11.68,1
2003/07/30,13.97,1
2003/07/31,12.07,1
2003/08/01,9.13,1
2003/08/02,7.76,1
2003/08/03,7.75,1
2003/08/04,7.14,1
2003/08/05,5.91,1
2003/08/06,7.88,1
2003/08/07,7.56,1
2003/08/08,8.85,1
2003/08/09,8.09,1
2003/08/10,6.81,1
2003/08/11,9.47,1
2003/08/12,10.63,1
2003/08/13,9.06,1
2003/08/14,9.75,1
2003/08/15,11.37,1
2003/08/16,9.27,1
2003/08/17,9.77,1
2003/08/18,11.4,1
2003/08/19,9.42,1
2003/08/20,11.01,1
2003/08/21,12.07,1
2003/08/22,7.28,1
2003/08/23,6.63,1
2003/08/24,8.07,1
2003/08/25,9.37,1
2003/08/26,11.35,1
2003/08/27,10.09,1
2003/08/28,8.31,1
2003/08/29,13.04,1
2003/08/30,14.22,1
2003/08/31,13.38,1
2003/09/01,14.63,1
2003/09/02,15.24,0
2003/09/03,12.02,1
2003/09/04,11.73,1
2003/09/05,11.01,1
2003/09/06,7.57,1
2003/09/07,8.16,1
2003/09/08,6.79,1
2003/09/09,6.72,1
2003/09/10,7.35,1
2003/09/11,11.69,1
2003/09/12,11.64,1
2003/09/13,11.96,1
2003/09/14,18.98,0
2003/09/15,14.52,1
2003/09/16,18.05,0
2003/09/17,10.94,1
2003/09/18,8.98,1
2003/09/19,16.6,0
2003/09/20,19.84,0
2003/09/21,14.54,1
2003/09/22,23.6,0
2003/09/23,22.13,0
2003/09/24,16.56,0
2003/09/25,19.84,0
2003/09/26,23.26,0
2003/09/27,20.16,0
2003/09/28,22.37,0
2003/09/29,21.99,0
2003/09/30,17.68,0
2003/10/01,12.25,1
2003/10/02,12.43,1
2003/10/03,12.57,1
2003/10/04,15.05,1
2003/10/05,14.36,1
2003/10/06,17.48,0
2003/10/07,15.31,0
2003/10/08,19.27,0
2003/10/09,18.82,0
2003/10/10,7.28,1
2003/10/11,11,1
2003/10/12,9.1,1
2003/10/13,12.49,1
2003/10/14,12.45,1
2003/10/15,12.77,1
2003/10/16,16.06,0
2003/10/17,16.17,0
2003/10/18,11.08,1
2003/10/19,12.61,1
2003/10/20,13.36,1
2003/10/21,13.94,1
2003/10/22,10.19,1
2003/10/23,11.66,1
2003/10/24,13.98,1
2003/10/25,22.08,0
2003/10/26,34.18,0
2003/10/27,23.47,0
2003/10/28,30.45,0
2003/10/29,27.21,0
2003/10/30,7.66,1
2003/10/31,9.34,1
2003/11/01,15.16,0
2003/11/02,10,1
2003/11/03,14.18,1
2003/11/04,17.58,0
2003/11/05,18.86,0
2003/11/06,39.13,0
2003/11/07,33.69,0
2003/11/08,20,0
2003/11/09,11.44,1
2003/11/10,10.74,1
2003/11/11,16.22,0
2003/11/12,18.28,0
2003/11/13,13.06,1
2003/11/14,18.56,0
2003/11/15,12.4,1
2003/11/16,10.67,1
2003/11/17,11.64,1
2003/11/18,17.6,0
2003/11/19,28.57,0
2003/11/20,17.16,0
2003/11/21,14.21,1
2003/11/22,13.35,1
2003/11/23,17.13,0
2003/11/24,34.72,0
2003/11/25,20.59,0
2003/11/26,17.29,0
2003/11/27,33.47,0
2003/11/28,22.39,0
2003/11/29,13.05,1
2003/11/30,25.64,0
2003/12/01,22.61,0
2003/12/02,20.81,0
2003/12/03,20.23,0
2003/12/04,37.89,0
2003/12/05,26.63,0
2003/12/06,28.28,0
2003/12/07,11.42,1
2003/12/08,10.79,1
2003/12/09,18.39,0
2003/12/10,10,1
2003/12/11,11.51,1
2003/12/12,13.08,1
2003/12/13,16.96,0
2003/12/14,13.08,1
2003/12/15,9.75,1
2003/12/16,17.56,0
2003/12/17,20.19,0
2003/12/18,27.66,0
2003/12/19,29.99,0
2003/12/20,22.81,0
2003/12/21,16.99,0
2003/12/22,13.86,1
2003/12/23,9.69,1
2003/12/24,9.62,1
2003/12/25,9.33,1
2003/12/26,9.68,1
2003/12/27,16.38,0
2003/12/28,23.47,0
2003/12/29,13.04,1
2003/12/30,13.5,1
2003/12/31,21.88,0
2004/01/01,18.94,0
2004/01/02,16.58,0
2004/01/03,20.53,0
2004/01/04,15.77,0
2004/01/05,17.84,0
2004/01/06,27.52,0
2004/01/07,28.58,0
2004/01/08,27.06,0
2004/01/09,24.39,0
2004/01/10,15.18,0
2004/01/11,24.5,0
2004/01/12,26.67,0
2004/01/13,24.47,0
2004/01/14,21.53,0
2004/01/15,23.81,0
2004/01/16,25.54,0
2004/01/17,31.17,0
2004/01/18,41.19,0
2004/01/19,35.24,0
2004/01/20,30.91,0
2004/01/21,24.46,0
2004/01/22,21.17,0
2004/01/23,32.76,0
2004/01/24,22.92,0
2004/01/25,13.07,1
2004/01/26,12.47,1
2004/01/27,13.4,1
2004/01/28,15.06,1
2004/01/29,26.49,0
2004/01/30,27.7,0
2004/01/31,9.31,1
2004/02/01,9.62,1
2004/02/02,10.95,1
2004/02/03,7.62,1
2004/02/04,9.18,1
2004/02/05,13.27,1
2004/02/06,14.76,1
2004/02/07,12.4,1
2004/02/08,10.72,1
2004/02/09,10.77,1
2004/02/10,12.13,1
2004/02/11,25.37,0
2004/02/12,19.44,0
2004/02/13,17.68,0
2004/02/14,20.43,0
2004/02/15,18.87,0
2004/02/16,20.77,0
2004/02/17,20.72,0
2004/02/18,15.99,0
2004/02/19,10.14,1
2004/02/20,14.23,1
2004/02/21,12.24,1
2004/02/22,8.61,1
2004/02/23,9.04,1
2004/02/24,7.3,1
2004/02/25,8.69,1
2004/02/26,5.29,1
2004/02/27,5.77,1
2004/02/28,7.43,1
2004/02/29,7.13,1
2004/03/01,8.63,1
2004/03/02,5.45,1
2004/03/03,7.12,1
2004/03/04,6.9,1
2004/03/05,9.24,1
2004/03/06,11.56,1
2004/03/07,10.8,1
2004/03/08,15.27,0
2004/03/09,13.93,1
2004/03/10,9.67,1
2004/03/11,13.29,1
2004/03/12,19.84,0
2004/03/13,18.65,0
2004/03/14,19.22,0
2004/03/15,18.19,0
2004/03/16,13.73,1
2004/03/17,17.13,0
2004/03/18,17.85,0
2004/03/19,19.5,0
2004/03/20,21.35,0
2004/03/21,17.38,0
2004/03/22,21.6,0
2004/03/23,7.51,1
2004/03/24,9.08,1
2004/03/25,11.61,1
2004/03/26,6.82,1
2004/03/27,6.76,1
2004/03/28,7.5,1
2004/03/29,9.4,1
2004/03/30,7.41,1
2004/03/31,9.36,1
2004/04/01,9,1
2004/04/02,11.51,1
2004/04/03,9.36,1
2004/04/04,15.56,0
2004/04/05,10.38,1
2004/04/06,8.61,1
2004/04/07,14.04,1
2004/04/08,14.89,1
2004/04/09,15.97,0
2004/04/10,14.4,1
2004/04/11,14.6,1
2004/04/12,12.8,1
2004/04/13,12.78,1
2004/04/14,7.12,1
2004/04/15,7.92,1
2004/04/16,6.6,1
2004/04/17,4.53,1
2004/04/18,5.44,1
2004/04/19,5.08,1
2004/04/20,7.03,1
2004/04/21,8.29,1
2004/04/22,6.17,1
2004/04/23,7.3,1
2004/04/24,7.26,1
2004/04/25,11.43,1
2004/04/26,12.11,1
2004/04/27,11.86,1
2004/04/28,12.69,1
2004/04/29,9.18,1
2004/04/30,9.7,1
2004/05/01,12.18,1
2004/05/02,10.81,1
2004/05/03,9.52,1
2004/05/04,12.36,1
2004/05/05,9.08,1
2004/05/06,7.05,1
2004/05/07,8.36,1
2004/05/08,6.74,1
2004/05/09,6.47,1
2004/05/10,14.92,1
2004/05/11,7.99,1
2004/05/12,6.67,1
2004/05/13,9.71,1
2004/05/14,12.04,1
2004/05/15,8.64,1
2004/05/16,9.89,1
2004/05/17,8.74,1
2004/05/18,7.24,1
2004/05/19,6.26,1
2004/05/20,10.68,1
2004/05/21,7.12,1
2004/05/22,7.39,1
2004/05/23,7.67,1
2004/05/24,7.23,1
2004/05/25,9.63,1
2004/05/26,9.11,1
2004/05/27,8.79,1
2004/05/28,9.37,1
2004/05/29,6.49,1
2004/05/30,7.83,1
2004/05/31,10.28,1
2004/06/01,10.84,1
2004/06/02,9.65,1
2004/06/03,14.64,1
2004/06/04,15.09,0
2004/06/05,11.22,1
2004/06/06,13.5,1
2004/06/07,24.16,0
2004/06/08,7.21,1
2004/06/09,10.52,1
2004/06/10,7.17,1
2004/06/11,8.24,1
2004/06/12,11.13,1
2004/06/13,8.75,1
2004/06/14,8.91,1
2004/06/15,9.91,1
2004/06/16,9.22,1
2004/06/17,11.47,1
2004/06/18,11.48,1
2004/06/19,12.42,1
2004/06/20,12.14,1
2004/06/21,13.57,1
2004/06/22,13.41,1
2004/06/23,13.91,1
2004/06/24,15.19,0
2004/06/25,17.79,0
2004/06/26,10.24,1
2004/06/27,10.12,1
2004/06/28,10.63,1
2004/06/29,8.53,1
2004/06/30,7.88,1
2004/07/01,9.41,1
2004/07/02,10.05,1
2004/07/03,12.44,1
2004/07/04,24.82,0
2004/07/05,20.55,0
2004/07/06,11.5,1
2004/07/07,11.63,1
2004/07/08,8.41,1
2004/07/09,9.23,1
2004/07/10,8.47,1
2004/07/11,8.68,1
2004/07/12,14.44,1
2004/07/13,11.94,1
2004/07/14,9.15,1
2004/07/15,8.52,1
2004/07/16,10,1
2004/07/17,8.06,1
2004/07/18,9.26,1
2004/07/19,6.96,1
2004/07/20,6.74,1
2004/07/21,11.4,1
2004/07/22,10.52,1
2004/07/23,11.41,1
2004/07/24,9.85,1
2004/07/25,11.18,1
2004/07/26,9.37,1
2004/07/27,10.99,1
2004/07/28,9.48,1
2004/07/29,10.79,1
2004/07/30,10.84,1
2004/07/31,13.96,1
2004/08/01,9.57,1
2004/08/02,9.25,1
2004/08/03,10.14,1
2004/08/04,9.48,1
2004/08/05,8.48,1
2004/08/06,11,1
2004/08/07,7.94,1
2004/08/08,8.93,1
2004/08/09,9.83,1
2004/08/10,10.92,1
2004/08/11,13.1,1
2004/08/12,13.83,1
2004/08/13,11.49,1
2004/08/14,10.68,1
2004/08/15,9.8,1
2004/08/16,8.86,1
2004/08/17,15.48,0
2004/08/18,12.39,1
2004/08/19,9.72,1
2004/08/20,9.22,1
2004/08/21,8.8,1
2004/08/22,6.88,1
2004/08/23,6.09,1
2004/08/24,7.53,1
2004/08/25,5.94,1
2004/08/26,7.88,1
2004/08/27,8.23,1
2004/08/28,9.27,1
2004/08/29,14.28,1
2004/08/30,11.46,1
2004/08/31,10.96,1
2004/09/01,11.81,1
2004/09/02,11.36,1
2004/09/03,7.03,1
2004/09/04,7.89,1
2004/09/05,9.6,1
2004/09/06,9.75,1
2004/09/07,13.19,1
2004/09/08,14.57,1
2004/09/09,10.89,1
2004/09/10,11.09,1
2004/09/11,11.09,1
2004/09/12,6.66,1
2004/09/13,6.94,1
2004/09/14,9.19,1
2004/09/15,9.29,1
2004/09/16,12.92,1
2004/09/17,10.77,1
2004/09/18,7.93,1
2004/09/19,5.92,1
2004/09/20,5.55,1
2004/09/21,5.11,1
2004/09/22,7.41,1
2004/09/23,11.57,1
2004/09/24,10.42,1
2004/09/25,13.51,1
2004/09/26,17.08,0
2004/09/27,17.18,0
2004/09/28,14.91,1
2004/09/29,8.08,1
2004/09/30,9,1
2004/10/01,9.65,1
2004/10/02,13.54,1
2004/10/03,12.1,1
2004/10/04,13.62,1
2004/10/05,14.46,1
2004/10/06,14.97,1
2004/10/07,19.42,0
2004/10/08,17.5,0
2004/10/09,11.57,1
2004/10/10,5.37,1
2004/10/11,8.83,1
2004/10/12,8.32,1
2004/10/13,13.82,1
2004/10/14,18.68,0
2004/10/15,17.78,0
2004/10/16,13.47,1
2004/10/17,5.75,1
2004/10/18,4.68,1
2004/10/19,5.26,1
2004/10/20,4.29,1
2004/10/21,8.34,1
2004/10/22,12.36,1
2004/10/23,18.89,0
2004/10/24,13.41,1
2004/10/25,11.24,1
2004/10/26,4.92,1
2004/10/27,7.83,1
2004/10/28,13.3,1
2004/10/29,17.8,0
2004/10/30,15.09,0
2004/10/31,11.48,1
2004/11/01,10.63,1
2004/11/02,16.98,0
2004/11/03,14.03,1
2004/11/04,7.98,1
2004/11/05,14.23,1
2004/11/06,18.61,0
2004/11/07,28.33,0
2004/11/08,23.6,0
2004/11/09,18.86,0
2004/11/10,26.61,0
2004/11/11,15.66,0
2004/11/12,12.57,1
2004/11/13,18.25,0
2004/11/14,15.2,0
2004/11/15,23.97,0
2004/11/16,22.59,0
2004/11/17,20.69,0
2004/11/18,34.16,0
2004/11/19,24.22,0
2004/11/20,12.01,1
2004/11/21,5.78,1
2004/11/22,19.11,0
2004/11/23,22,0
2004/11/24,33.1,0
2004/11/25,37.69,0
2004/11/26,29.03,0
2004/11/27,13.76,1
2004/11/28,5.2,1
2004/11/29,14.03,1
2004/11/30,28.5,0
2004/12/01,33.52,0
2004/12/02,18.57,0
2004/12/03,22.5,0
2004/12/04,34.4,0
2004/12/05,24.39,0
2004/12/06,20.34,0
2004/12/07,13.17,1
2004/12/08,10.1,1
2004/12/09,14.33,1
2004/12/10,14.35,1
2004/12/11,12.67,1
2004/12/12,23.82,0
2004/12/13,31.79,0
2004/12/14,13.43,1
2004/12/15,16.48,0
2004/12/16,24.74,0
2004/12/17,17.85,0
2004/12/18,24.03,0
2004/12/19,27.23,0
2004/12/20,20.84,0
2004/12/21,19.21,0
2004/12/22,31.9,0
2004/12/23,17.74,0
2004/12/24,30.08,0
2004/12/25,29.22,0
2004/12/26,25.81,0
2004/12/27,11.68,1
2004/12/28,8.84,1
2004/12/29,5.06,1
2004/12/30,5.31,1
2004/12/31,7.07,1
2005/01/01,11.39,1
2005/01/02,9.46,1
2005/01/03,8.14,1
2005/01/04,12.27,1
2005/01/05,14.98,1
2005/01/06,21.57,0
2005/01/07,9.21,1
2005/01/08,3.9,1
2005/01/09,7.81,1
2005/01/10,6.94,1
2005/01/11,5.19,1
2005/01/12,15.43,0
2005/01/13,20.37,0
2005/01/14,22.62,0
2005/01/15,22.68,0
2005/01/16,21.2,0
2005/01/17,19.41,0
2005/01/18,19.98,0
2005/01/19,16.28,0
2005/01/20,26.08,0
2005/01/21,22.76,0
2005/01/22,22.43,0
2005/01/23,30.44,0
2005/01/24,26.27,0
2005/01/25,21.31,0
2005/01/26,22.18,0
2005/01/27,8.54,1
2005/01/28,6.52,1
2005/01/29,10.86,1
2005/01/30,14.81,1
2005/01/31,16.38,0
2005/02/01,14.04,1
2005/02/02,19.72,0
2005/02/03,21.79,0
2005/02/04,30.7,0
2005/02/05,26.13,0
2005/02/06,9.49,1
2005/02/07,8.6,1
2005/02/08,12.47,1
2005/02/09,14.32,1
2005/02/10,18.54,0
2005/02/11,17.66,0
2005/02/12,12.33,1
2005/02/13,15.74,0
2005/02/14,11.58,1
2005/02/15,12.95,1
2005/02/16,9.27,1
2005/02/17,8.39,1
2005/02/18,7.24,1
2005/02/19,4.77,1
2005/02/20,3.71,1
2005/02/21,4.35,1
2005/02/22,6.82,1
2005/02/23,10.04,1
2005/02/24,12.13,1
2005/02/25,17.76,0
2005/02/26,18.18,0
2005/02/27,14.53,1
2005/02/28,9.49,1
2005/03/01,9.89,1
2005/03/02,9.07,1
2005/03/03,10.34,1
2005/03/04,8.15,1
2005/03/05,9.01,1
2005/03/06,14.5,1
2005/03/07,17.88,0
2005/03/08,20,0
2005/03/09,23.45,0
2005/03/10,19.4,0
2005/03/11,16.35,0
2005/03/12,18.12,0
2005/03/13,9.26,1
2005/03/14,7.09,1
2005/03/15,8.28,1
2005/03/16,11,1
2005/03/17,10.12,1
2005/03/18,11.89,1
2005/03/19,6.9,1
2005/03/20,3.97,1
2005/03/21,6.28,1
2005/03/22,5.04,1
2005/03/23,3.39,1
2005/03/24,7.24,1
2005/03/25,7.19,1
2005/03/26,8.47,1
2005/03/27,8.66,1
2005/03/28,3.44,1
2005/03/29,5.8,1
2005/03/30,5.6,1
2005/03/31,8.16,1
2005/04/01,7.68,1
2005/04/02,8.32,1
2005/04/03,9.72,1
2005/04/04,4.7,1
2005/04/05,8.62,1
2005/04/06,10.48,1
2005/04/07,6.18,1
2005/04/08,6.09,1
2005/04/09,5.02,1
2005/04/10,5.73,1
2005/04/11,6.5,1
2005/04/12,8.89,1
2005/04/13,7.96,1
2005/04/14,7.72,1
2005/04/15,11.03,1
2005/04/16,10.65,1
2005/04/17,14.17,1
2005/04/18,12.92,1
2005/04/19,7.12,1
2005/04/20,7.9,1
2005/04/21,9.07,1
2005/04/22,10.21,1
2005/04/23,7.29,1
2005/04/24,4.89,1
2005/04/25,7.01,1
2005/04/26,11.09,1
2005/04/27,7.28,1
2005/04/28,4,1
2005/04/29,6.19,1
2005/04/30,7.02,1
2005/05/01,6.94,1
2005/05/02,6.74,1
2005/05/03,9.03,1
2005/05/04,9.19,1
2005/05/05,6.33,1
2005/05/06,3.5,1
2005/05/07,4.9,1
2005/05/08,5.35,1
2005/05/09,4.75,1
2005/05/10,3.62,1
2005/05/11,5.17,1
2005/05/12,7.35,1
2005/05/13,7.2,1
2005/05/14,11.39,1
2005/05/15,9.96,1
2005/05/16,8.13,1
2005/05/17,7.67,1
2005/05/18,6.57,1
2005/05/19,7.59,1
2005/05/20,5.92,1
2005/05/21,9.19,1
2005/05/22,8.11,1
2005/05/23,12.08,1
2005/05/24,11.97,1
2005/05/25,13.26,1
2005/05/26,16.88,0
2005/05/27,12.89,1
2005/05/28,10.06,1
2005/05/29,7.27,1
2005/05/30,8.9,1
2005/05/31,9.56,1
2005/06/01,7.76,1
2005/06/02,4.02,1
2005/06/03,7.24,1
2005/06/04,10.67,1
2005/06/05,7.34,1
2005/06/06,7.21,1
2005/06/07,6.69,1
2005/06/08,9.15,1
2005/06/09,4.97,1
2005/06/10,10.97,1
2005/06/11,10.6,1
2005/06/12,7.2,1
2005/06/13,11.73,1
2005/06/14,13.82,1
2005/06/15,8.25,1
2005/06/16,7.38,1
2005/06/17,5.3,1
2005/06/18,5.08,1
2005/06/19,4.06,1
2005/06/20,7.97,1
2005/06/21,6.89,1
2005/06/22,9.22,1
2005/06/23,9.14,1
2005/06/24,8.79,1
2005/06/25,8.39,1
2005/06/26,7.08,1
2005/06/27,6.23,1
2005/06/28,8.32,1
2005/06/29,9.51,1
2005/06/30,10.73,1
2005/07/01,15.68,0
2005/07/02,14.31,1
2005/07/03,12.05,1
2005/07/04,25.94,0
2005/07/05,17.12,0
2005/07/06,12.04,1
2005/07/07,12.33,1
2005/07/08,10.47,1
2005/07/09,7.98,1
2005/07/10,8.51,1
2005/07/11,9.19,1
2005/07/12,10.33,1
2005/07/13,14.54,1
2005/07/14,12.23,1
2005/07/15,13.26,1
2005/07/16,15.06,1
2005/07/17,15.51,0
2005/07/18,12.48,1
2005/07/19,11.47,1
2005/07/20,9.42,1
2005/07/21,11.23,1
2005/07/22,12.37,1
2005/07/23,9.41,1
2005/07/24,10.35,1
2005/07/25,11.32,1
2005/07/26,13.48,1
2005/07/27,10.6,1
2005/07/28,10.92,1
2005/07/29,11.55,1
2005/07/30,10.18,1
2005/07/31,14.17,1
2005/08/01,10.47,1
2005/08/02,9.51,1
2005/08/03,11.61,1
2005/08/04,16.18,0
2005/08/05,12.16,1
2005/08/06,12.55,1
2005/08/07,15.04,1
2005/08/08,10.17,1
2005/08/09,10.97,1
2005/08/10,11.92,1
2005/08/11,11.58,1
2005/08/12,15.7,0
2005/08/13,12.66,1
2005/08/14,11.18,1
2005/08/15,11.35,1
2005/08/16,10.98,1
2005/08/17,11.19,1
2005/08/18,12.17,1
2005/08/19,8.74,1
2005/08/20,8.93,1
2005/08/21,11.03,1
2005/08/22,11.96,1
2005/08/23,12.94,1
2005/08/24,11.01,1
2005/08/25,12.95,1
2005/08/26,10.75,1
2005/08/27,11.51,1
2005/08/28,11.13,1
2005/08/29,9.15,1
2005/08/30,10.43,1
2005/08/31,10.73,1
2005/09/01,10.92,1
2005/09/02,13.64,1
2005/09/03,12.69,1
2005/09/04,8.5,1
2005/09/05,9.36,1
2005/09/06,11.27,1
2005/09/07,8.92,1
2005/09/08,9.03,1
2005/09/09,6.15,1
2005/09/10,7.45,1
2005/09/11,5.91,1
2005/09/12,6.58,1
2005/09/13,8.35,1
2005/09/14,10.74,1
2005/09/15,11.72,1
2005/09/16,10.17,1
2005/09/17,9.71,1
2005/09/18,9.06,1
2005/09/19,10.82,1
2005/09/20,14.58,1
2005/09/21,13.52,1
2005/09/22,13.19,1
2005/09/23,14.94,1
2005/09/24,11.07,1
2005/09/25,8.64,1
2005/09/26,13.46,1
2005/09/27,11.44,1
2005/09/28,9.05,1
2005/09/29,12.92,1
2005/09/30,15.66,0
2005/10/01,10.25,1
2005/10/02,9,1
2005/10/03,6.5,1
2005/10/04,6,1
2005/10/05,8.98,1
2005/10/06,9.29,1
2005/10/07,9.6,1
2005/10/08,8.51,1
2005/10/09,8.33,1
2005/10/10,8.95,1
2005/10/11,10.78,1
2005/10/12,14.32,1
2005/10/13,11.77,1
2005/10/14,11.64,1
2005/10/15,6.2,1
2005/10/16,5.11,1
2005/10/17,13.17,1
2005/10/18,8.71,1
2005/10/19,10.68,1
2005/10/20,13.69,1
2005/10/21,23.88,0
2005/10/22,25.99,0
2005/10/23,15.26,0
2005/10/24,11.56,1
2005/10/25,8.35,1
2005/10/26,9.14,1
2005/10/27,7.88,1
2005/10/28,9.03,1
2005/10/29,8.09,1
2005/10/30,11.55,1
2005/10/31,11.09,1
2005/11/01,16.56,0
2005/11/02,10.51,1
2005/11/03,10.19,1
2005/11/04,8.71,1
2005/11/05,14.99,1
2005/11/06,13.37,1
2005/11/07,20.23,0
2005/11/08,8.34,1
2005/11/09,12.92,1
2005/11/10,10.46,1
2005/11/11,8.69,1
2005/11/12,12.73,1
2005/11/13,17.62,0
2005/11/14,13.53,1
2005/11/15,10.25,1
2005/11/16,13.52,1
2005/11/17,17.92,0
2005/11/18,21.7,0
2005/11/19,24.32,0
2005/11/20,24.19,0
2005/11/21,26.09,0
2005/11/22,29.75,0
2005/11/23,32.93,0
2005/11/24,25.22,0
2005/11/25,26.36,0
2005/11/26,6.99,1
2005/11/27,14.67,1
2005/11/28,15.96,0
2005/11/29,13.75,1
2005/11/30,19.22,0
2005/12/01,12.73,1
2005/12/02,11.28,1
2005/12/03,6.92,1
2005/12/04,16.48,0
2005/12/05,27.6,0
2005/12/06,28.87,0
2005/12/07,37.83,0
2005/12/08,40.65,0
2005/12/09,24.15,0
2005/12/10,34.2,0
2005/12/11,48.86,0
2005/12/12,33.25,0
2005/12/13,32.97,0
2005/12/14,50.8,0
2005/12/15,34.92,0
2005/12/16,31.82,0
2005/12/17,26.08,0
2005/12/18,12.89,1
2005/12/19,16.41,0
2005/12/20,17.41,0
2005/12/21,21.05,0
2005/12/22,14.69,1
2005/12/23,15.71,0
2005/12/24,14.53,1
2005/12/25,21.64,0
2005/12/26,12.08,1
2005/12/27,14.04,1
2005/12/28,13.98,1
2005/12/29,16.72,0
2005/12/30,14.03,1
2005/12/31,11.15,1
2006/01/01,7.19,1
2006/01/02,7.14,1
2006/01/03,7.49,1
2006/01/04,10.6,1
2006/01/05,13.28,1
2006/01/06,17.23,0
2006/01/07,11.51,1
2006/01/08,13.27,1
2006/01/09,14.82,1
2006/01/10,19.53,0
2006/01/11,16.84,0
2006/01/12,16.06,0
2006/01/13,27.91,0
2006/01/14,12.48,1
2006/01/15,6.37,1
2006/01/16,11.51,1
2006/01/17,16.47,0
2006/01/18,12.32,1
2006/01/19,10.1,1
2006/01/20,13.72,1
2006/01/21,14.53,1
2006/01/22,9.86,1
2006/01/23,10.42,1
2006/01/24,28.2,0
2006/01/25,21.19,0
2006/01/26,11.73,1
2006/01/27,10.14,1
2006/01/28,12.64,1
2006/01/29,15.79,0
2006/01/30,19.15,0
2006/01/31,14.13,1
2006/02/01,17.05,0
2006/02/02,9.66,1
2006/02/03,18.9,0
2006/02/04,19.61,0
2006/02/05,16.4,0
2006/02/06,12.68,1
2006/02/07,13.54,1
2006/02/08,22.25,0
2006/02/09,21.48,0
2006/02/10,24.39,0
2006/02/11,27.96,0
2006/02/12,17.94,0
2006/02/13,15.02,1
2006/02/14,12.47,1
2006/02/15,8.88,1
2006/02/16,9.7,1
2006/02/17,12.22,1
2006/02/18,11.43,1
2006/02/19,9.26,1
2006/02/20,14.13,1
2006/02/21,15.49,0
2006/02/22,15.52,0
2006/02/23,22.46,0
2006/02/24,22.71,0
2006/02/25,23.67,0
2006/02/26,19.17,0
2006/02/27,10.25,1
2006/02/28,4.15,1
2006/03/01,6.4,1
2006/03/02,6.7,1
2006/03/03,6.71,1
2006/03/04,6.91,1
2006/03/05,10.45,1
2006/03/06,8.95,1
2006/03/07,6.72,1
2006/03/08,7.64,1
2006/03/09,8.23,1
2006/03/10,4.68,1
2006/03/11,6.54,1
2006/03/12,7.53,1
2006/03/13,6.31,1
2006/03/14,7.15,1
2006/03/15,7.95,1
2006/03/16,8.14,1
2006/03/17,7.07,1
2006/03/18,4.67,1
2006/03/19,6.09,1
2006/03/20,7.16,1
2006/03/21,6.39,1
2006/03/22,10.66,1
2006/03/23,8.53,1
2006/03/24,9.29,1
2006/03/25,8.11,1
2006/03/26,7.08,1
2006/03/27,9.21,1
2006/03/28,4.78,1
2006/03/29,3.8,1
2006/03/30,5.33,1
2006/03/31,4.85,1
2006/04/01,6.37,1
2006/04/02,6.05,1
2006/04/03,5.17,1
2006/04/04,6.65,1
2006/04/05,3.1,0
2006/04/06,7.18,1
2006/04/07,5.54,1
2006/04/08,3.76,1
2006/04/09,5.21,1
2006/04/10,5.21,1
2006/04/11,3.44,1
2006/04/12,6.02,1
2006/04/13,4.86,1
2006/04/14,5.24,1
2006/04/15,4.25,1
2006/04/16,3.52,1
2006/04/17,3.92,1
2006/04/18,3.3,1
2006/04/19,6.14,1
2006/04/20,9.64,1
2006/04/21,9.58,1
2006/04/22,9.86,1
2006/04/23,6.05,1
2006/04/24,9.89,1
2006/04/25,8.8,1
2006/04/26,9.76,1
2006/04/27,9.87,1
2006/04/28,9.72,1
2006/04/29,9.42,1
2006/04/30,8.49,1
2006/05/01,11.7,1
2006/05/02,9.41,1
2006/05/03,13.05,1
2006/05/04,11.19,1
2006/05/05,10.15,1
2006/05/06,11.04,1
2006/05/07,8.93,1
2006/05/08,9.74,1
2006/05/09,9.17,1
2006/05/10,25.99,0
2006/05/11,12.29,1
2006/05/12,12.47,1
2006/05/13,12.52,1
2006/05/14,9.49,1
2006/05/15,13.76,1
2006/05/16,13.45,1
2006/05/17,11.93,1
2006/05/18,12.7,1
2006/05/19,9.82,1
2006/05/20,5.46,1
2006/05/21,7.4,1
2006/05/22,5.17,1
2006/05/23,5.19,1
2006/05/24,8.39,1
2006/05/25,7.83,1
2006/05/26,6.25,1
2006/05/27,5.1,1
2006/05/28,7.05,1
2006/05/29,5.46,1
2006/05/30,10.95,1
2006/05/31,9.74,1
2006/06/01,5.94,1
2006/06/02,12.1,1
2006/06/03,3.81,1
2006/06/04,6.28,1
2006/06/05,5.21,1
2006/06/06,8.38,1
2006/06/07,8.38,1
2006/06/08,8.29,1
2006/06/09,8.06,1
2006/06/10,8.08,1
2006/06/11,8.04,1
2006/06/12,7.58,1
2006/06/13,5.81,1
2006/06/14,6.94,1
2006/06/15,5.4,1
2006/06/16,6.88,1
2006/06/17,9.55,1
2006/06/18,14.91,1
2006/06/19,9.76,1
2006/06/20,9.95,1
2006/06/21,11.1,1
2006/06/22,9.94,1
2006/06/23,12.15,1
2006/06/24,12.42,1
2006/06/25,12.32,1
2006/06/26,14.13,1
2006/06/27,13.27,1
2006/06/28,9.54,1
2006/06/29,11.22,1
2006/06/30,9.98,1
2006/07/01,9.11,1
2006/07/02,11.29,1
2006/07/03,10.96,1
2006/07/04,11.51,1
2006/07/05,10.33,1
2006/07/06,7.72,1
2006/07/07,6.86,1
2006/07/08,12.1,1
2006/07/09,12.15,1
2006/07/10,8,1
2006/07/11,10.08,1
2006/07/12,5.72,1
2006/07/13,7.89,1
2006/07/14,11.3,1
2006/07/15,12.19,1
2006/07/16,9.64,1
2006/07/17,12.98,1
2006/07/18,15.23,0
2006/07/19,9.84,1
2006/07/20,13.38,1
2006/07/21,13.96,1
2006/07/22,10.2,1
2006/07/23,14.38,1
2006/07/24,16.88,0
2006/07/25,13.07,1
2006/07/26,11.03,1
2006/07/27,10.47,1
2006/07/28,7.57,1
2006/07/29,8.8,1
2006/07/30,5.48,1
2006/07/31,6.94,1
2006/08/01,9.42,1
2006/08/02,13.01,1
2006/08/03,11.88,1
2006/08/04,8.6,1
2006/08/05,7.84,1
2006/08/06,7.85,1
2006/08/07,8.11,1
2006/08/08,8.1,1
2006/08/09,9.15,1
2006/08/10,12.57,1
2006/08/11,8.73,1
2006/08/12,8.21,1
2006/08/13,8.03,1
2006/08/14,11.58,1
2006/08/15,7.86,1
2006/08/16,7.29,1
2006/08/17,8.09,1
2006/08/18,9.41,1
2006/08/19,12.96,1
2006/08/20,11.25,1
2006/08/21,9.22,1
2006/08/22,12.26,1
2006/08/23,11.1,1
2006/08/24,9.36,1
2006/08/25,8.5,1
2006/08/26,8.97,1
2006/08/27,7.93,1
2006/08/28,11.66,1
2006/08/29,9.56,1
2006/08/30,9.56,1
2006/08/31,12.33,1
2006/09/01,12.1,1
2006/09/02,9.98,1
2006/09/03,9.66,1
2006/09/04,9.28,1
2006/09/05,9.71,1
2006/09/06,13.77,1
2006/09/07,15.33,0
2006/09/08,11.1,1
2006/09/09,9,1
2006/09/10,6.81,1
2006/09/11,14.32,1
2006/09/12,20.32,0
2006/09/13,16.19,0
2006/09/14,10.5,1
2006/09/15,7.14,1
2006/09/16,7.18,1
2006/09/17,9.89,1
2006/09/18,11.69,1
2006/09/19,10.1,1
2006/09/20,8.41,1
2006/09/21,8.15,1
2006/09/22,10.92,1
2006/09/23,7.43,1
2006/09/24,9.27,1
2006/09/25,10.76,1
2006/09/26,12.3,1
2006/09/27,13.65,1
2006/09/28,15.46,0
2006/09/29,19.78,0
2006/09/30,14.19,1
2006/10/01,11.02,1
2006/10/02,7.04,1
2006/10/03,5.57,1
2006/10/04,7.22,1
2006/10/05,6.4,1
2006/10/06,10.63,1
2006/10/07,10.61,1
2006/10/08,8.73,1
2006/10/09,13.81,1
2006/10/10,9.86,1
2006/10/11,9.63,1
2006/10/12,10,1
2006/10/13,9.1,1
2006/10/14,8.19,1
2006/10/15,8.13,1
2006/10/16,5.05,1
2006/10/17,6.5,1
2006/10/18,6.38,1
2006/10/19,9.17,1
2006/10/20,10.04,1
2006/10/21,11.37,1
2006/10/22,12.86,1
2006/10/23,13.8,1
2006/10/24,14.22,1
2006/10/25,7.14,1
2006/10/26,9.11,1
2006/10/27,15.38,0
2006/10/28,16.19,0
2006/10/29,15.09,0
2006/10/30,9.36,1
2006/10/31,12.31,1
2006/11/01,19.36,0
2006/11/02,19.43,0
2006/11/03,16.09,0
2006/11/04,13,1
2006/11/05,12.64,1
2006/11/06,11.47,1
2006/11/07,7.5,1
2006/11/08,4.76,1
2006/11/09,6.71,1
2006/11/10,12.36,1
2006/11/11,8.01,1
2006/11/12,12.72,1
2006/11/13,11.62,1
2006/11/14,6.42,1
2006/11/15,17.54,0
2006/11/16,11.38,1
2006/11/17,14.16,1
2006/11/18,15.85,0
2006/11/19,20.84,0
2006/11/20,25,0
2006/11/21,16.71,0
2006/11/22,14.92,1
2006/11/23,7.36,1
2006/11/24,10.09,1
2006/11/25,17.39,0
2006/11/26,11.1,1
2006/11/27,7.05,1
2006/11/28,8.42,1
2006/11/29,7.18,1
2006/11/30,21.03,0
2006/12/01,16.59,0
2006/12/02,9.25,1
2006/12/03,32.64,0
2006/12/04,24.36,0
2006/12/05,37.31,0
2006/12/06,36.85,0
2006/12/07,27.18,0
2006/12/08,30.18,0
2006/12/09,5.61,1
2006/12/10,4.97,1
2006/12/11,8.56,1
2006/12/12,12.52,1
2006/12/13,12.74,1
2006/12/14,17.67,0
2006/12/15,12.73,1
2006/12/16,10.18,1
2006/12/17,13.6,1
2006/12/18,13.58,1
2006/12/19,27.05,0
2006/12/20,38.56,0
2006/12/21,31.52,0
2006/12/22,20.26,0
2006/12/23,23.33,0
2006/12/24,33.55,0
2006/12/25,41.07,0
2006/12/26,23.73,0
2006/12/27,6.74,1
2006/12/28,7.56,1
2006/12/29,20.85,0
2006/12/30,30.61,0
2006/12/31,31.5,0
2007/01/01,27.75,0
2007/01/02,43.27,0
2007/01/03,22.82,0
2007/01/04,8.83,1
2007/01/05,5.95,1
2007/01/06,10.61,1
2007/01/07,17.45,0
2007/01/08,19.65,0
2007/01/09,27.4,0
2007/01/10,15.9,0
2007/01/11,5.49,1
2007/01/12,9.69,1
2007/01/13,11.83,1
2007/01/14,17.57,0
2007/01/15,24.98,0
2007/01/16,29.68,0
2007/01/17,26.87,0
2007/01/18,20.39,0
2007/01/19,28.41,0
2007/01/20,29.49,0
2007/01/21,13.57,1
2007/01/22,41.85,0
2007/01/23,37.89,0
2007/01/24,29.9,0
2007/01/25,40.37,0
2007/01/26,36.14,0
2007/01/27,27.56,0
2007/01/28,28.07,0
2007/01/29,21.45,0
2007/01/30,15.75,0
2007/01/31,19.85,0
2007/02/01,23.13,0
2007/02/02,25.86,0
2007/02/03,33.82,0
2007/02/04,39.29,0
2007/02/05,26.72,0
2007/02/06,19.07,0
2007/02/07,15.22,0
2007/02/08,31.4,0
2007/02/09,14.04,1
2007/02/10,6.09,1
2007/02/11,4.42,1
2007/02/12,5.74,1
2007/02/13,6,1
2007/02/14,9.8,1
2007/02/15,10.93,1
2007/02/16,7.68,1
2007/02/17,7.24,1
2007/02/18,9.71,1
2007/02/19,5.4,1
2007/02/20,7.73,1
2007/02/21,3.58,1
2007/02/22,5.18,1
2007/02/23,3.61,1
2007/02/24,5.8,1
2007/02/25,5.8,1
2007/02/26,3.75,1
2007/02/27,2.65,0
2007/02/28,3.98,1
2007/03/01,6.77,1
2007/03/02,7.21,1
2007/03/03,9.08,1
2007/03/04,9.45,1
2007/03/05,10.98,1
2007/03/06,11.5,1
2007/03/07,8.39,1
2007/03/08,6.4,1
2007/03/09,7.46,1
2007/03/10,8.84,1
2007/03/11,8.95,1
2007/03/12,8.92,1
2007/03/13,8.88,1
2007/03/14,8.63,1
2007/03/15,11.32,1
2007/03/16,12.05,1
2007/03/17,11.37,1
2007/03/18,6.2,1
2007/03/19,6.22,1
2007/03/20,4.23,1
2007/03/21,4.71,1
2007/03/22,8.28,1
2007/03/23,9.24,1
2007/03/24,8.07,1
2007/03/25,5.89,1
2007/03/26,5.51,1
2007/03/27,2.71,0
2007/03/28,6.45,1
2007/03/29,6.88,1
2007/03/30,8.12,1
2007/03/31,8.38,1
2007/04/01,6.16,1
2007/04/02,6.44,1
2007/04/03,7.41,1
2007/04/04,11.44,1
2007/04/05,10.65,1
2007/04/06,8.99,1
2007/04/07,5.67,1
2007/04/08,4.07,1
2007/04/09,5.75,1
2007/04/10,4.94,1
2007/04/11,7.26,1
2007/04/12,5.95,1
2007/04/13,5.62,1
2007/04/14,6.59,1
2007/04/15,3.63,1
2007/04/16,5.97,1
2007/04/17,5.82,1
2007/04/18,4.43,1
2007/04/19,5.15,1
2007/04/20,4.71,1
2007/04/21,5.86,1
2007/04/22,3.87,1
2007/04/23,5.05,1
2007/04/24,4.16,1
2007/04/25,8,1
2007/04/26,7.62,1
2007/04/27,10.8,1
2007/04/28,11.93,1
2007/04/29,9.97,1
2007/04/30,7.99,1
2007/05/01,7.66,1
2007/05/02,5.26,1
2007/05/03,4.79,1
2007/05/04,3.54,1
2007/05/05,2.87,0
2007/05/06,4.86,1
2007/05/07,6.44,1
2007/05/08,7.4,1
2007/05/09,8.55,1
2007/05/10,6.71,1
2007/05/11,10.15,1
2007/05/12,8.04,1
2007/05/13,9.76,1
2007/05/14,8.75,1
2007/05/15,11.74,1
2007/05/16,12.81,1
2007/05/17,10.75,1
2007/05/18,8.7,1
2007/05/19,8.17,1
2007/05/20,9.53,1
2007/05/21,5.6,1
2007/05/22,4.31,1
2007/05/23,6.95,1
2007/05/24,8.97,1
2007/05/25,11.78,1
2007/05/26,8.89,1
2007/05/27,7.76,1
2007/05/28,7.39,1
2007/05/29,9.24,1
2007/05/30,8.7,1
2007/05/31,10.73,1
2007/06/01,11.13,1
2007/06/02,9.49,1
2007/06/03,10.05,1
2007/06/04,7.19,1
2007/06/05,6.21,1
2007/06/06,4.02,1
2007/06/07,5.76,1
2007/06/08,7.82,1
2007/06/09,8.18,1
2007/06/10,6.85,1
2007/06/11,7.2,1
2007/06/12,7.31,1
2007/06/13,8.38,1
2007/06/14,6.58,1
2007/06/15,7.56,1
2007/06/16,6.8,1
2007/06/17,7.66,1
2007/06/18,10.16,1
2007/06/19,11.28,1
2007/06/20,8.52,1
2007/06/21,8.75,1
2007/06/22,7.75,1
2007/06/23,7.91,1
2007/06/24,7.13,1
2007/06/25,7.92,1
2007/06/26,9.3,1
2007/06/27,9.65,1
2007/06/28,6.88,1
2007/06/29,5.1,1
2007/06/30,6.27,1
2007/07/01,6.63,1
2007/07/02,7.13,1
2007/07/03,9.17,1
2007/07/04,27.74,0
2007/07/05,12.82,1
2007/07/06,14.52,1
2007/07/07,9.8,1
2007/07/08,12.25,1
2007/07/09,13.35,1
2007/07/10,9.17,1
2007/07/11,7.1,1
2007/07/12,10.42,1
2007/07/13,5.8,1
2007/07/14,7.01,1
2007/07/15,7.19,1
2007/07/16,7.7,1
2007/07/17,6.82,1
2007/07/18,7.02,1
2007/07/19,5.54,1
2007/07/20,5.81,1
2007/07/21,5.79,1
2007/07/22,6.68,1
2007/07/23,6.39,1
2007/07/24,7.13,1
2007/07/25,6.76,1
2007/07/26,6.25,1
2007/07/27,10.19,1
2007/07/28,8.77,1
2007/07/29,5.64,1
2007/07/30,8.21,1
2007/07/31,8.46,1
2007/08/01,9.06,1
2007/08/02,10.05,1
2007/08/03,9.29,1
2007/08/04,7.59,1
2007/08/05,6.41,1
2007/08/06,6.8,1
2007/08/07,5.47,1
2007/08/08,7.69,1
2007/08/09,6.95,1
2007/08/10,7.37,1
2007/08/11,7.03,1
2007/08/12,6.97,1
2007/08/13,7.37,1
2007/08/14,6.98,1
2007/08/15,8.78,1
2007/08/16,7.18,1
2007/08/17,8.05,1
2007/08/18,6.77,1
2007/08/19,6.35,1
2007/08/20,8.78,1
2007/08/21,7.23,1
2007/08/22,9.65,1
2007/08/23,8.25,1
2007/08/24,9.61,1
2007/08/25,9.2,1
2007/08/26,7.26,1
2007/08/27,7.23,1
2007/08/28,7.26,1
2007/08/29,10.86,1
2007/08/30,10.32,1
2007/08/31,9.7,1
2007/09/01,6.83,1
2007/09/02,7.09,1
2007/09/03,5.58,1
2007/09/04,6.02,1
2007/09/05,10.18,1
2007/09/06,18.11,0
2007/09/07,9.54,1
2007/09/08,12.51,1
2007/09/09,11.27,1
2007/09/10,11.24,1
2007/09/11,11.6,1
2007/09/12,10.94,1
2007/09/13,8.08,1
2007/09/14,8.5,1
2007/09/15,6.17,1
2007/09/16,8.14,1
2007/09/17,7.1,1
2007/09/18,8.53,1
2007/09/19,6.6,1
2007/09/20,4.45,1
2007/09/21,6,1
2007/09/22,6.13,1
2007/09/23,5.07,1
2007/09/24,4.76,1
2007/09/25,7.81,1
2007/09/26,8.05,1
2007/09/27,8.78,1
2007/09/28,6.58,1
2007/09/29,4.82,1
2007/09/30,6.59,1
2007/10/01,5.51,1
2007/10/02,7.18,1
2007/10/03,6.3,1
2007/10/04,7.2,1
2007/10/05,3.82,1
2007/10/06,6.17,1
2007/10/07,6.16,1
2007/10/08,6.53,1
2007/10/09,5.81,1
2007/10/10,5.08,1
2007/10/11,7.41,1
2007/10/12,10,1
2007/10/13,7,1
2007/10/14,7.25,1
2007/10/15,8.52,1
2007/10/16,4.29,1
2007/10/17,4.77,1
2007/10/18,8.74,1
2007/10/19,6.21,1
2007/10/20,6.8,1
2007/10/21,5.71,1
2007/10/22,23.9,0
2007/10/23,28.52,0
2007/10/24,12.88,1
2007/10/25,20.71,0
2007/10/26,16.42,0
2007/10/27,19.94,0
2007/10/28,24.75,0
2007/10/29,16.64,0
2007/10/30,12.56,1
2007/10/31,14.3,1
2007/11/01,15.22,0
2007/11/02,12.2,1
2007/11/03,19.7,0
2007/11/04,20.85,0
2007/11/05,20.38,0
2007/11/06,25.64,0
2007/11/07,20.65,0
2007/11/08,14.73,1
2007/11/09,15.38,0
2007/11/10,14.92,1
2007/11/11,9,1
2007/11/12,10.31,1
2007/11/13,8.95,1
2007/11/14,9.36,1
2007/11/15,7.62,1
2007/11/16,11.12,1
2007/11/17,13.28,1
2007/11/18,14.01,1
2007/11/19,11.5,1
2007/11/20,12.4,1
2007/11/21,15.98,0
2007/11/22,17.16,0
2007/11/23,12.17,1
2007/11/24,18.38,0
2007/11/25,32.2,0
2007/11/26,23.98,0
2007/11/27,12.39,1
2007/11/28,8.2,1
2007/11/29,27.14,0
2007/11/30,9.61,1
2007/12/01,10.23,1
2007/12/02,5.97,1
2007/12/03,6.82,1
2007/12/04,12.4,1
2007/12/05,15.46,0
2007/12/06,13.8,1
2007/12/07,7.47,1
2007/12/08,6.63,1
2007/12/09,7.36,1
2007/12/10,10.87,1
2007/12/11,9.4,1
2007/12/12,13.94,1
2007/12/13,18.48,0
2007/12/14,26.07,0
2007/12/15,17.94,0
2007/12/16,21.39,0
2007/12/17,17.29,0
2007/12/18,8.16,1
2007/12/19,6.29,1
2007/12/20,6.89,1
2007/12/21,13.55,1
2007/12/22,17.9,0
2007/12/23,23.07,0
2007/12/24,16.97,0
2007/12/25,14.05,1
2007/12/26,15.89,0
2007/12/27,8.45,1
2007/12/28,14.07,1
2007/12/29,22.41,0
2007/12/30,17.19,0
2007/12/31,14.56,1
2008/01/01,18.55,0
2008/01/02,27.38,0
2008/01/03,11.42,1
2008/01/04,7.71,1
2008/01/05,4.75,1
2008/01/06,6.46,1
2008/01/07,5.1,1
2008/01/08,7.01,1
2008/01/09,12.7,1
2008/01/10,23.04,0
2008/01/11,19.84,0
2008/01/12,19.26,0
2008/01/13,11.45,1
2008/01/14,20.72,0
2008/01/15,22.56,0
2008/01/16,6.06,1
2008/01/17,12.12,1
2008/01/18,18.2,0
2008/01/19,21.77,0
2008/01/20,21.44,0
2008/01/21,6.67,1
2008/01/22,7.09,1
2008/01/23,6.97,1
2008/01/24,5.27,1
2008/01/25,5.31,1
2008/01/26,6.43,1
2008/01/27,4,1
2008/01/28,4.07,1
2008/01/29,6.68,1
2008/01/30,5.9,1
2008/01/31,7.16,1
2008/02/01,10.03,1
2008/02/02,8.49,1
2008/02/03,3.42,1
2008/02/04,6.18,1
2008/02/05,7.29,1
2008/02/06,12.15,1
2008/02/07,11.22,1
2008/02/08,11.63,1
2008/02/09,20.58,0
2008/02/10,17.27,0
2008/02/11,15.17,0
2008/02/12,11.59,1
2008/02/13,9.31,1
2008/02/14,5.39,1
2008/02/15,9.05,1
2008/02/16,16.39,0
2008/02/17,17.67,0
2008/02/18,14.79,1
2008/02/19,7.64,1
2008/02/20,9.69,1
2008/02/21,6.69,1
2008/02/22,3.72,1
2008/02/23,3.52,1
2008/02/24,3.63,1
2008/02/25,9.22,1
2008/02/26,9.18,1
2008/02/27,9.99,1
2008/02/28,9.92,1
2008/02/29,10.35,1
2008/03/01,6.46,1
2008/03/02,4.57,1
2008/03/03,7.16,1
2008/03/04,10.18,1
2008/03/05,9.75,1
2008/03/06,8.68,1
2008/03/07,10.4,1
2008/03/08,9.77,1
2008/03/09,7.32,1
2008/03/10,8.9,1
2008/03/11,5.57,1
2008/03/12,10.97,1
2008/03/13,5.14,1
2008/03/14,4.37,1
2008/03/15,6.63,1
2008/03/16,4.22,1
2008/03/17,9.4,1
2008/03/18,6.22,1
2008/03/19,8.45,1
2008/03/20,8.3,1
2008/03/21,8.76,1
2008/03/22,8.47,1
2008/03/23,8.83,1
2008/03/24,8.56,1
2008/03/25,4.94,1
2008/03/26,7.27,1
2008/03/27,4.72,1
2008/03/28,7.34,1
2008/03/29,4,1
2008/03/30,7.09,1
2008/03/31,6.41,1
2008/04/01,10.05,1
2008/04/02,9.81,1
2008/04/03,6.12,1
2008/04/04,7.99,1
2008/04/05,5.62,1
2008/04/06,5.27,1
2008/04/07,5.41,1
2008/04/08,7.09,1
2008/04/09,6.37,1
2008/04/10,5.87,1
2008/04/11,7.83,1
2008/04/12,8.31,1
2008/04/13,8.82,1
2008/04/14,7.46,1
2008/04/15,6.44,1
2008/04/16,7.04,1
2008/04/17,9.07,1
2008/04/18,9.51,1
2008/04/19,8.59,1
2008/04/20,7.31,1
2008/04/21,8,1
2008/04/22,9.87,1
2008/04/23,5.04,1
2008/04/24,5.49,1
2008/04/25,10.68,1
2008/04/26,9.79,1
2008/04/27,10.04,1
2008/04/28,6.48,1
2008/04/29,8.29,1
2008/04/30,6.38,1
2008/05/01,8.82,1
2008/05/02,14.12,1
2008/05/03,11.33,1
2008/05/04,12.89,1
2008/05/05,9.01,1
2008/05/06,9.97,1
2008/05/07,8.01,1
2008/05/08,8.76,1
2008/05/09,11.87,1
2008/05/10,10.17,1
2008/05/11,8.37,1
2008/05/12,8.68,1
2008/05/13,8.78,1
2008/05/14,9.03,1
2008/05/15,6.79,1
2008/05/16,10.8,1
2008/05/17,8.42,1
2008/05/18,7.17,1
2008/05/19,7.52,1
2008/05/20,9.92,1
2008/05/21,8.04,1
2008/05/22,11.61,1
2008/05/23,3.65,1
2008/05/24,6.86,1
2008/05/25,8.44,1
2008/05/26,10.72,1
2008/05/27,5.06,1
2008/05/28,5.4,1
2008/05/29,5.82,1
2008/05/30,6.11,1
2008/05/31,7.68,1
2008/06/01,5.83,1
2008/06/02,7.03,1
2008/06/03,6.32,1
2008/06/04,4.12,1
2008/06/05,6.3,1
2008/06/06,5.66,1
2008/06/07,6.99,1
2008/06/08,7.16,1
2008/06/09,5.42,1
2008/06/10,6,1
2008/06/11,6.44,1
2008/06/12,7.74,1
2008/06/13,10.89,1
2008/06/14,11.43,1
2008/06/15,9.17,1
2008/06/16,8.7,1
2008/06/17,9.12,1
2008/06/18,9.37,1
2008/06/19,9.78,1
2008/06/20,7.21,1
2008/06/21,10.09,1
2008/06/22,14.42,1
2008/06/23,34.48,0
2008/06/24,49.36,0
2008/06/25,45.19,0
2008/06/26,46.02,0
2008/06/27,49.48,0
2008/06/28,39.6,0
2008/06/29,18.14,0
2008/06/30,9.89,1
2008/07/01,14.45,1
2008/07/02,12.61,1
2008/07/03,7.05,1
2008/07/04,15.43,0
2008/07/05,18.29,0
2008/07/06,23.15,0
2008/07/07,40.28,0
2008/07/08,33.58,0
2008/07/09,46.82,0
2008/07/10,49.75,0
2008/07/11,25.18,0
2008/07/12,18.63,0
2008/07/13,17.74,0
2008/07/14,11.48,1
2008/07/15,12.86,1
2008/07/16,16.89,0
2008/07/17,12.19,1
2008/07/18,16.64,0
2008/07/19,33.48,0
2008/07/20,11.41,1
2008/07/21,9.89,1
2008/07/22,12.88,1
2008/07/23,16.36,0
2008/07/24,15.03,1
2008/07/25,24.59,0
2008/07/26,11.48,1
2008/07/27,8.89,1
2008/07/28,8.86,1
2008/07/29,8.39,1
2008/07/30,9.42,1
2008/07/31,8.18,1
2008/08/01,7.37,1
2008/08/02,7.87,1
2008/08/03,7.76,1
2008/08/04,7.56,1
2008/08/05,9.38,1
2008/08/06,8.35,1
2008/08/07,7.57,1
2008/08/08,7.62,1
2008/08/09,5.56,1
2008/08/10,6.42,1
2008/08/11,9.16,1
2008/08/12,13.44,1
2008/08/13,15.07,1
2008/08/14,17.08,0
2008/08/15,12.43,1
2008/08/16,10.63,1
2008/08/17,9.64,1
2008/08/18,7.8,1
2008/08/19,4.28,1
2008/08/20,4.78,1
2008/08/21,5.59,1
2008/08/22,6.13,1
2008/08/23,8.19,1
2008/08/24,9.97,1
2008/08/25,5.58,1
2008/08/26,9.17,1
2008/08/27,9.86,1
2008/08/28,7.87,1
2008/08/29,12.19,1
2008/08/30,8.23,1
2008/08/31,7.03,1
2008/09/01,7.39,1
2008/09/02,11.22,1
2008/09/03,8.15,1
2008/09/04,11.11,1
2008/09/05,10.95,1
2008/09/06,10.47,1
2008/09/07,11.52,1
2008/09/08,12.71,1
2008/09/09,8.55,1
2008/09/10,9.71,1
2008/09/11,10.77,1
2008/09/12,10.67,1
2008/09/13,12.66,1
2008/09/14,12.54,1
2008/09/15,10.88,1
2008/09/16,15.72,0
2008/09/17,11.14,1
2008/09/18,8.43,1
2008/09/19,7.74,1
2008/09/20,5.17,1
2008/09/21,5.32,1
2008/09/22,10.21,1
2008/09/23,12.59,1
2008/09/24,11.18,1
2008/09/25,14.02,1
2008/09/26,9.83,1
2008/09/27,8.12,1
2008/09/28,9.85,1
2008/09/29,11.34,1
2008/09/30,8.92,1
2008/10/01,7.76,1
2008/10/02,4.97,1
2008/10/03,4.92,1
2008/10/04,7.28,1
2008/10/05,7.86,1
2008/10/06,6.71,1
2008/10/07,7.75,1
2008/10/08,8.66,1
2008/10/09,7.18,1
2008/10/10,6.7,1
2008/10/11,6.64,1
2008/10/12,6.72,1
2008/10/13,8.23,1
2008/10/14,8.98,1
2008/10/15,9.58,1
2008/10/16,11.16,1
2008/10/17,11.79,1
2008/10/18,11.24,1
2008/10/19,10.65,1
2008/10/20,9.04,1
2008/10/21,7.18,1
2008/10/22,10.51,1
2008/10/23,11.2,1
2008/10/24,14.11,1
2008/10/25,15.06,1
2008/10/26,15.78,0
2008/10/27,13.12,1
2008/10/28,14.6,1
2008/10/29,16.29,0
2008/10/30,18.09,0
2008/10/31,10.16,1
2008/11/01,7.9,1
2008/11/02,4.43,1
2008/11/03,5.56,1
2008/11/04,5.59,1
2008/11/05,7.8,1
2008/11/06,5.34,1
2008/11/07,9.67,1
2008/11/08,9.25,1
2008/11/09,7.27,1
2008/11/10,9.34,1
2008/11/11,13.21,1
2008/11/12,8.14,1
2008/11/13,6.34,1
2008/11/14,5.71,1
2008/11/15,8.42,1
2008/11/16,17.16,0
2008/11/17,16.07,0
2008/11/18,12.88,1
2008/11/19,20.8,0
2008/11/20,11.98,1
2008/11/21,11.9,1
2008/11/22,17.92,0
2008/11/23,28.52,0
2008/11/24,41.29,0
2008/11/25,33.55,0
2008/11/26,21.31,0
2008/11/27,16.34,0
2008/11/28,17.25,0
2008/11/29,20.13,0
2008/11/30,28.66,0
2008/12/01,26.91,0
2008/12/02,17.65,0
2008/12/03,24.3,0
2008/12/04,28.41,0
2008/12/05,26.37,0
2008/12/06,25.64,0
2008/12/07,30.44,0
2008/12/08,17.93,0
2008/12/09,26.31,0
2008/12/10,30.1,0
2008/12/11,26.23,0
2008/12/12,34.02,0
2008/12/13,1.43,0
2008/12/14,7.99,1
2008/12/15,6.42,1
2008/12/16,9.2,1
2008/12/17,14.4,1
2008/12/18,12.42,1
2008/12/19,10.04,1
2008/12/20,15.04,1
2008/12/21,22.25,0
2008/12/22,10.43,1
2008/12/23,8.22,1
2008/12/24,5.28,1
2008/12/25,4.26,1
2008/12/26,8.58,1
2008/12/27,14.5,1
2008/12/28,18.77,0
2008/12/29,21.37,0
2008/12/30,21.08,0
2008/12/31,22.26,0
2009/01/01,32.26,0
2009/01/02,31.76,0
2009/01/03,16.26,0
2009/01/04,13.11,1
2009/01/05,19.07,0
2009/01/06,20.85,0
2009/01/07,24.36,0
2009/01/08,25.21,0
2009/01/09,21.97,0
2009/01/10,18.61,0
2009/01/11,11.99,1
2009/01/12,17.57,0
2009/01/13,19.55,0
2009/01/14,36.24,0
2009/01/15,14.16,1
2009/01/16,12.4,1
2009/01/17,30.14,0
2009/01/18,23.49,0
2009/01/19,10.97,1
2009/01/20,16.26,0
2009/01/21,21.79,0
2009/01/22,19.03,0
2009/01/23,12.94,1
2009/01/24,9.05,1
2009/01/25,4.83,1
2009/01/26,6.39,1
2009/01/27,10.16,1
2009/01/28,12.95,1
2009/01/29,13.54,1
2009/01/30,28.57,0
2009/01/31,20.11,0
2009/02/01,19.75,0
2009/02/02,34.05,0
2009/02/03,21.41,0
2009/02/04,20.58,0
2009/02/05,8.36,1
2009/02/06,6.8,1
2009/02/07,6.52,1
2009/02/08,6.25,1
2009/02/09,4.38,1
2009/02/10,5,1
2009/02/11,8.88,1
2009/02/12,5.76,1
2009/02/13,4.27,1
2009/02/14,6.01,1
2009/02/15,6.89,1
2009/02/16,6.59,1
2009/02/17,7.38,1
2009/02/18,6.87,1
2009/02/19,10.51,1
2009/02/20,12.8,1
2009/02/21,16.12,0
2009/02/22,16.84,0
2009/02/23,18.73,0
2009/02/24,5.2,1
2009/02/25,6.01,1
2009/02/26,4.65,1
2009/02/27,7.37,1
2009/02/28,16.81,0
2009/03/01,13.34,1
2009/03/02,5.54,1
2009/03/03,3.53,1
2009/03/04,4.56,1
2009/03/05,4.77,1
2009/03/06,4.91,1
2009/03/07,9.76,1
2009/03/08,7.9,1
2009/03/09,4.76,1
2009/03/10,6.71,1
2009/03/11,8.83,1
2009/03/12,10.29,1
2009/03/13,16.03,0
2009/03/14,9.01,1
2009/03/15,7.91,1
2009/03/16,10.07,1
2009/03/17,8.69,1
2009/03/18,13.07,1
2009/03/19,15.5,0
2009/03/20,10.27,1
2009/03/21,6.55,1
2009/03/22,4.5,1
2009/03/23,5.18,1
2009/03/24,7.46,1
2009/03/25,11.15,1
2009/03/26,6.82,1
2009/03/27,7.89,1
2009/03/28,8.21,1
2009/03/29,7.47,1
2009/03/30,5.21,1
2009/03/31,11.43,1
2009/04/01,7.11,1
2009/04/02,10.44,1
2009/04/03,10.32,1
2009/04/04,7.96,1
2009/04/05,13.06,1
2009/04/06,10.89,1
2009/04/07,7.65,1
2009/04/08,8.18,1
2009/04/09,7.52,1
2009/04/10,6.07,1
2009/04/11,8.82,1
2009/04/12,8.16,1
2009/04/13,6.59,1
2009/04/14,8.28,1
2009/04/15,5.91,1
2009/04/16,7.99,1
2009/04/17,12.46,1
2009/04/18,13.78,1
2009/04/19,7.81,1
2009/04/20,11.26,1
2009/04/21,14.32,1
2009/04/22,9.68,1
2009/04/23,13.59,1
2009/04/24,6.13,1
2009/04/25,7.02,1
2009/04/26,12.6,1
2009/04/27,12.98,1
2009/04/28,11.46,1
2009/04/29,9.67,1
2009/04/30,14.88,1
2009/05/01,11.06,1
2009/05/02,5.52,1
2009/05/03,8.77,1
2009/05/04,11.01,1
2009/05/05,10.34,1
2009/05/06,9.27,1
2009/05/07,6.23,1
2009/05/08,12.26,1
2009/05/09,13.13,1
2009/05/10,9.57,1
2009/05/11,18.02,0
2009/05/12,15.01,1
2009/05/13,8.59,1
2009/05/14,16.63,0
2009/05/15,15.21,0
2009/05/16,12.48,1
2009/05/17,17.75,0
2009/05/18,16.55,0
2009/05/19,7.74,1
2009/05/20,12.13,1
2009/05/21,14.36,1
2009/05/22,12.08,1
2009/05/23,15.63,0
2009/05/24,13.27,1
2009/05/25,10.4,1
2009/05/26,16.36,0
2009/05/27,16.05,0
2009/05/28,10.13,1
2009/05/29,11.26,1
2009/05/30,13.31,1
2009/05/31,7.77,1
2009/06/01,11.63,1
2009/06/02,6.75,1
2009/06/03,6.5,1
2009/06/04,9.11,1
2009/06/05,8.82,1
2009/06/06,4.16,1
2009/06/07,6.39,1
2009/06/08,9.81,1
2009/06/09,6.11,1
2009/06/10,9.83,1
2009/06/11,10.68,1
2009/06/12,6.24,1
2009/06/13,8.86,1
2009/06/14,9.31,1
2009/06/15,6.26,1
2009/06/16,11.58,1
2009/06/17,11.04,1
2009/06/18,8.1,1
2009/06/19,14.84,1
2009/06/20,11.98,1
2009/06/21,7.89,1
2009/06/22,11.62,1
2009/06/23,11.45,1
2009/06/24,9.83,1
2009/06/25,14.09,1
2009/06/26,15.87,0
2009/06/27,11.24,1
2009/06/28,18.95,0
2009/06/29,16.57,0
2009/06/30,10.93,1
2009/07/01,15.69,0
2009/07/02,12.42,1
2009/07/03,10.59,1
2009/07/04,13.26,1
2009/07/05,10.23,1
2009/07/06,6.26,1
2009/07/07,10.62,1
2009/07/08,12.04,1
2009/07/09,10.75,1
2009/07/10,14.43,1
2009/07/11,12.01,1
2009/07/12,7.15,1
2009/07/13,9.42,1
2009/07/14,13.45,1
2009/07/15,11.82,1
2009/07/16,11.88,1
2009/07/17,10.38,1
2009/07/18,9.25,1
2009/07/19,12.52,1
2009/07/20,12.8,1
2009/07/21,9.08,1
2009/07/22,11.38,1
2009/07/23,11.45,1
2009/07/24,7.06,1
2009/07/25,12.07,1
2009/07/26,12.2,1
2009/07/27,8.83,1
2009/07/28,13.79,1
2009/07/29,11.88,1
2009/07/30,8.36,1
2009/07/31,14.88,1
2009/08/01,9.66,1
2009/08/02,7.01,1
2009/08/03,8.29,1
2009/08/04,8.49,1
2009/08/05,5.34,1
2009/08/06,8.19,1
2009/08/07,8.82,1
2009/08/08,12.5,1
2009/08/09,15.76,0
2009/08/10,15.84,0
2009/08/11,11.61,1
2009/08/12,11.64,1
2009/08/13,9.65,1
2009/08/14,11.85,1
2009/08/15,18.99,0
2009/08/16,15.72,0
2009/08/17,12.72,1
2009/08/18,17.22,0
2009/08/19,17,0
2009/08/20,11.63,1
2009/08/21,13.57,1
2009/08/22,14.48,1
2009/08/23,8.03,1
2009/08/24,12.57,1
2009/08/25,13.2,1
2009/08/26,10.84,1
2009/08/27,14.71,1
2009/08/28,15.2,0
2009/08/29,10.31,1
2009/08/30,9.74,1
2009/08/31,10.36,1
2009/09/01,16.32,0
2009/09/02,15.92,0
2009/09/03,12.79,1
2009/09/04,7.82,1
2009/09/05,10.13,1
2009/09/06,9.18,1
2009/09/07,9.02,1
2009/09/08,10.47,1
2009/09/09,12.5,1
2009/09/10,9.1,1
2009/09/11,15.01,1
2009/09/12,15.91,0
2009/09/13,6.15,1
2009/09/14,7.75,1
2009/09/15,8.84,1
2009/09/16,7.61,1
2009/09/17,10.77,1
2009/09/18,17.92,0
2009/09/19,11.29,1
2009/09/20,9.46,1
2009/09/21,13.93,1
2009/09/22,9.77,1
2009/09/23,13.57,1
2009/09/24,10.78,1
2009/09/25,11.42,1
2009/09/26,16.62,0
2009/09/27,17.22,0
2009/09/28,12.38,1
2009/09/29,9.74,1
2009/09/30,8.6,1
2009/10/01,7.19,1
2009/10/02,9.56,1
2009/10/03,10.89,1
2009/10/04,6.15,1
2009/10/05,9.04,1
2009/10/06,8.19,1
2009/10/07,9.45,1
2009/10/08,10.95,1
2009/10/09,12.83,1
2009/10/10,10.86,1
2009/10/11,12.48,1
2009/10/12,10.13,1
2009/10/13,5.27,1
2009/10/14,5.69,1
2009/10/15,9.53,1
2009/10/16,9.31,1
2009/10/17,13.21,1
2009/10/18,18.13,0
2009/10/19,6.14,1
2009/10/20,10.12,1
2009/10/21,12.03,1
2009/10/22,10.4,1
2009/10/23,15.48,0
2009/10/24,16.28,0
2009/10/25,15.34,0
2009/10/26,14.57,1
2009/10/27,7.35,1
2009/10/28,5.8,1
2009/10/29,9.67,1
2009/10/30,10.66,1
2009/10/31,15.81,0
2009/11/01,15.6,0
2009/11/02,16.18,0
2009/11/03,13.53,1
2009/11/04,18.58,0
2009/11/05,11.82,1
2009/11/06,12.18,1
2009/11/07,9.82,1
2009/11/08,16.2,0
2009/11/09,14.83,1
2009/11/10,21.34,0
2009/11/11,26.56,0
2009/11/12,20.87,0
2009/11/13,13.33,1
2009/11/14,15.62,0
2009/11/15,17.64,0
2009/11/16,15.91,0
2009/11/17,15.93,0
2009/11/18,14.28,1
2009/11/19,18.94,0
2009/11/20,14.73,1
2009/11/21,10.91,1
2009/11/22,16.11,0
2009/11/23,14.09,1
2009/11/24,18.36,0
2009/11/25,20.07,0
2009/11/26,26.28,0
2009/11/27,10.54,1
2009/11/28,5.67,1
2009/11/29,15.01,1
2009/11/30,16.91,0
2009/12/01,25.45,0
2009/12/02,27.49,0
2009/12/03,28.54,0
2009/12/04,36.86,0
2009/12/05,32.92,0
2009/12/06,19.11,0
2009/12/07,7.82,1
2009/12/08,17.84,0
2009/12/09,22.99,0
2009/12/10,26.96,0
2009/12/11,15.7,0
2009/12/12,8.51,1
2009/12/13,7.41,1
2009/12/14,8.95,1
2009/12/15,10.91,1
2009/12/16,21.66,0
2009/12/17,18.58,0
2009/12/18,17.7,0
2009/12/19,31.18,0
2009/12/20,28.66,0
2009/12/21,17.73,0
2009/12/22,5.4,1
2009/12/23,12.9,1
2009/12/24,24.09,0
2009/12/25,32.62,0
2009/12/26,27.38,0
2009/12/27,18.97,0
2009/12/28,16.25,0
2009/12/29,16.93,0
2009/12/30,16.77,0
2009/12/31,23.57,0
2010/01/01,29,0
2010/01/02,9.19,1
2010/01/03,20.27,0
2010/01/04,20.55,0
2010/01/05,20.14,0
2010/01/06,33.02,0
2010/01/07,32.88,0
2010/01/08,13.37,1
2010/01/09,24.53,0
2010/01/10,20.24,0
2010/01/11,19.8,0
2010/01/12,5.17,1
2010/01/13,10.27,1
2010/01/14,6.13,1
2010/01/15,23.92,0
2010/01/16,23.68,0
2010/01/17,9.73,1
2010/01/18,6.23,1
2010/01/19,4.56,1
2010/01/20,2.59,0
2010/01/21,4.28,1
2010/01/22,6.11,1
2010/01/23,9.21,1
2010/01/24,13.81,1
2010/01/25,6.81,1
2010/01/26,8.47,1
2010/01/27,14.18,1
2010/01/28,19.36,0
2010/01/29,18.62,0
2010/01/30,9.46,1
2010/01/31,12.35,1
2010/02/01,15.77,0
2010/02/02,8.06,1
2010/02/03,11.2,1
2010/02/04,6.36,1
2010/02/05,4.31,1
2010/02/06,3.81,1
2010/02/07,5.87,1
2010/02/08,4.74,1
2010/02/09,6.18,1
2010/02/10,8.15,1
2010/02/11,16.17,0
2010/02/12,7.08,1
2010/02/13,8.6,1
2010/02/14,18.86,0
2010/02/15,8.54,1
2010/02/16,15.46,0
2010/02/17,17.7,0
2010/02/18,24.99,0
2010/02/19,7.81,1
2010/02/20,6.97,1
2010/02/21,6.05,1
2010/02/22,6.98,1
2010/02/23,10.82,1
2010/02/24,4.13,1
2010/02/25,9.01,1
2010/02/26,7.97,1
2010/02/27,3,0
2010/02/28,8.86,1
2010/03/01,8.46,1
2010/03/02,6.05,1
2010/03/03,3.7,1
2010/03/04,8.02,1
2010/03/05,8.34,1
2010/03/06,9.7,1
2010/03/07,12.86,1
2010/03/08,5.03,1
2010/03/09,5.89,1
2010/03/10,4.81,1
2010/03/11,6.37,1
2010/03/12,4.21,1
2010/03/13,4.86,1
2010/03/14,6.48,1
2010/03/15,7.89,1
2010/03/16,9.31,1
2010/03/17,9.76,1
2010/03/18,9.18,1
2010/03/19,5.96,1
2010/03/20,10.73,1
2010/03/21,10.93,1
2010/03/22,7.25,1
2010/03/23,7.98,1
2010/03/24,8.05,1
2010/03/25,4.25,1
2010/03/26,4.5,1
2010/03/27,7.55,1
2010/03/28,5.53,1
2010/03/29,6.82,1
2010/03/30,4.99,1
2010/03/31,4.27,1
2010/04/01,4.97,1
2010/04/02,4.85,1
2010/04/03,6.72,1
2010/04/04,7.49,1
2010/04/05,5.18,1
2010/04/06,5.12,1
2010/04/07,6.98,1
2010/04/08,8.36,1
2010/04/09,9.1,1
2010/04/10,12.7,1
2010/04/11,6.36,1
2010/04/12,6.76,1
2010/04/13,6.53,1
2010/04/14,6.97,1
2010/04/15,8.8,1
2010/04/16,7.04,1
2010/04/17,6.71,1
2010/04/18,7.89,1
2010/04/19,11.5,1
2010/04/20,3.55,1
2010/04/21,6.29,1
2010/04/22,11.13,1
2010/04/23,8.62,1
2010/04/24,13.45,1
2010/04/25,11.54,1
2010/04/26,8.88,1
2010/04/27,1.56,0
2010/04/28,4.13,1
2010/04/29,3.07,0
2010/04/30,5.33,1
2010/05/01,8.3,1
2010/05/02,4.31,1
2010/05/03,9.32,1
2010/05/04,5.9,1
2010/05/05,7.82,1
2010/05/06,4.62,1
2010/05/07,7.38,1
2010/05/08,5.61,1
2010/05/09,4.42,1
2010/05/10,4.19,1
2010/05/11,6.47,1
2010/05/12,9.68,1
2010/05/13,10.74,1
2010/05/14,8.86,1
2010/05/15,10.37,1
2010/05/16,11.58,1
2010/05/17,5.66,1
2010/05/18,5.04,1
2010/05/19,6.69,1
2010/05/20,4.59,1
2010/05/21,5.87,1
2010/05/22,4.45,1
2010/05/23,5.16,1
2010/05/24,4.8,1
2010/05/25,6.69,1
2010/05/26,4.94,1
2010/05/27,3.92,1
2010/05/28,5.37,1
2010/05/29,6.1,1
2010/05/30,8.5,1
2010/05/31,5.42,1
2010/06/01,4.17,1
2010/06/02,9.02,1
2010/06/03,5.29,1
2010/06/04,4.36,1
2010/06/05,3.24,0
2010/06/06,4.35,1
2010/06/07,4.29,1
2010/06/08,5.58,1
2010/06/09,5.71,1
2010/06/10,4.49,1
2010/06/11,7.71,1
2010/06/12,7.29,1
2010/06/13,6.69,1
2010/06/14,11.25,1
2010/06/15,11.91,1
2010/06/16,10.53,1
2010/06/17,8.79,1
2010/06/18,7.73,1
2010/06/19,4.27,1
2010/06/20,7.34,1
2010/06/21,7.21,1
2010/06/22,9.71,1
2010/06/23,8.56,1
2010/06/24,7.94,1
2010/06/25,4.24,1
2010/06/26,8.57,1
2010/06/27,11.06,1
2010/06/28,10.71,1
2010/06/29,9.28,1
2010/06/30,6.73,1
2010/07/01,7.64,1
2010/07/02,6.77,1
2010/07/03,8.43,1
2010/07/04,18.21,0
2010/07/05,12.22,1
2010/07/06,8.05,1
2010/07/07,7.17,1
2010/07/08,10.03,1
2010/07/09,9.19,1
2010/07/10,10.43,1
2010/07/11,8.79,1
2010/07/12,7.66,1
2010/07/13,7.66,1
2010/07/14,7.14,1
2010/07/15,9.33,1
2010/07/16,9.76,1
2010/07/17,10.42,1
2010/07/18,9.47,1
2010/07/19,9.95,1
2010/07/20,12.23,1
2010/07/21,10.09,1
2010/07/22,10,1
2010/07/23,9.58,1
2010/07/24,9.37,1
2010/07/25,7.56,1
2010/07/26,8.22,1
2010/07/27,7.74,1
2010/07/28,6.3,1
2010/07/29,7.12,1
2010/07/30,6.78,1
2010/07/31,7.92,1
2010/08/01,7.51,1
2010/08/02,7.71,1
2010/08/03,6.19,1
2010/08/04,7.97,1
2010/08/05,9.73,1
2010/08/06,7.21,1
2010/08/07,8.22,1
2010/08/08,7.52,1
2010/08/09,6.01,1
2010/08/10,6.14,1
2010/08/11,4.4,1
2010/08/12,4.78,1
2010/08/13,6.85,1
2010/08/14,4.99,1
2010/08/15,3.83,1
2010/08/16,7.11,1
2010/08/17,9.31,1
2010/08/18,5.81,1
2010/08/19,7.49,1
2010/08/20,8.42,1
2010/08/21,7.04,1
2010/08/22,6,1
2010/08/23,9.86,1
2010/08/24,7.89,1
2010/08/25,13.95,1
2010/08/26,9.26,1
2010/08/27,9.01,1
2010/08/28,7.56,1
2010/08/29,7.04,1
2010/08/30,6.47,1
2010/08/31,4.97,1
2010/09/01,8.25,1
2010/09/02,8.57,1
2010/09/03,8.91,1
2010/09/04,8.69,1
2010/09/05,8.27,1
2010/09/06,11.11,1
2010/09/07,7.68,1
2010/09/08,4.4,1
2010/09/09,5.16,1
2010/09/10,7.86,1
2010/09/11,7,1
2010/09/12,7.92,1
2010/09/13,10.25,1
2010/09/14,8.28,1
2010/09/15,7.73,1
2010/09/16,6.22,1
2010/09/17,4.18,1
2010/09/18,6.02,1
2010/09/19,4.4,1
2010/09/20,4.5,1
2010/09/21,5.87,1
2010/09/22,7.14,1
2010/09/23,6.69,1
2010/09/24,10.72,1
2010/09/25,9.01,1
2010/09/26,9.01,1
2010/09/27,12.35,1
2010/09/28,14.23,1
2010/09/29,7,1
2010/09/30,10,1
2010/10/01,6.64,1
2010/10/02,5.61,1
2010/10/03,6.76,1
2010/10/04,6.78,1
2010/10/05,12.85,1
2010/10/06,6.52,1
2010/10/07,9.2,1
2010/10/08,8.11,1
2010/10/09,5.71,1
2010/10/10,7.08,1
2010/10/11,6.85,1
2010/10/12,7.2,1
2010/10/13,12.24,1
2010/10/14,12.59,1
2010/10/15,10.18,1
2010/10/16,9.45,1
2010/10/17,7.09,1
2010/10/18,11.61,1
2010/10/19,14.16,1
2010/10/20,12.34,1
2010/10/21,9.1,1
2010/10/22,7.5,1
2010/10/23,4.23,1
2010/10/24,4.4,1
2010/10/25,6.84,1
2010/10/26,6.68,1
2010/10/27,6.36,1
2010/10/28,6.7,1
2010/10/29,6.8,1
2010/10/30,6.35,1
2010/10/31,5.73,1
2010/11/01,6.72,1
2010/11/02,8.64,1
2010/11/03,12.84,1
2010/11/04,13.93,1
2010/11/05,9.32,1
2010/11/06,7.79,1
2010/11/07,8.02,1
2010/11/08,5.45,1
2010/11/09,6.09,1
2010/11/10,5.7,1
2010/11/11,7.78,1
2010/11/12,8.55,1
2010/11/13,13.61,1
2010/11/14,15.06,1
2010/11/15,10.93,1
2010/11/16,8.65,1
2010/11/17,11.09,1
2010/11/18,13.77,1
2010/11/19,11.65,1
2010/11/20,6.45,1
2010/11/21,3.2,0
2010/11/22,3.93,1
2010/11/23,6.15,1
2010/11/24,10.43,1
2010/11/25,10.24,1
2010/11/26,17.42,0
2010/11/27,11.94,1
2010/11/28,9.69,1
2010/11/29,9.69,1
2010/11/30,23.98,0
2010/12/01,23.61,0
2010/12/02,20.6,0
2010/12/03,21.91,0
2010/12/04,39.11,0
2010/12/05,23.05,0
2010/12/06,9.3,1
2010/12/07,8.81,1
2010/12/08,12.42,1
2010/12/09,13.66,1
2010/12/10,11.52,1
2010/12/11,10.13,1
2010/12/12,14.46,1
2010/12/13,18.16,0
2010/12/14,7.92,1
2010/12/15,8.49,1
2010/12/16,13.49,1
2010/12/17,12.08,1
2010/12/18,5.22,1
2010/12/19,6.58,1
2010/12/20,6.52,1
2010/12/21,5.73,1
2010/12/22,6.16,1
2010/12/23,8.87,1
2010/12/24,26.89,0
2010/12/25,11.05,1
2010/12/26,8.11,1
2010/12/27,9.44,1
2010/12/28,9.25,1
2010/12/29,5.56,1
2010/12/30,6.86,1
2010/12/31,14.29,1
2011/01/01,18.24,0
2011/01/02,7.98,1
2011/01/03,12.47,1
2011/01/04,15.84,0
2011/01/05,16.63,0
2011/01/06,13.54,1
2011/01/07,20.54,0
2011/01/08,21.26,0
2011/01/09,13.31,1
2011/01/10,15.31,0
2011/01/11,17.3,0
2011/01/12,18.05,0
2011/01/13,11.3,1
2011/01/14,11.54,1
2011/01/15,10.97,1
2011/01/16,24.17,0
2011/01/17,16.07,0
2011/01/18,11.77,1
2011/01/19,10.67,1
2011/01/20,13.48,1
2011/01/21,19.93,0
2011/01/22,13.93,1
2011/01/23,12.86,1
2011/01/24,12.4,1
2011/01/25,13.47,1
2011/01/26,14.4,1
2011/01/27,14.21,1
2011/01/28,21.57,0
2011/01/29,10.59,1
2011/01/30,8.66,1
2011/01/31,9.19,1
2011/02/01,7.65,1
2011/02/02,4.18,1
2011/02/03,14.37,1
2011/02/04,18.88,0
2011/02/05,16.22,0
2011/02/06,11.04,1
2011/02/07,9.14,1
2011/02/08,3.97,1
2011/02/09,6.63,1
2011/02/10,11.02,1
2011/02/11,13.9,1
2011/02/12,15.77,0
2011/02/13,17.52,0
2011/02/14,5.54,1
2011/02/15,5.55,1
2011/02/16,3.99,1
2011/02/17,6.53,1
2011/02/18,4.26,1
2011/02/19,4.67,1
2011/02/20,7.93,1
2011/02/21,7.19,1
2011/02/22,9.34,1
2011/02/23,5.54,1
2011/02/24,8.52,1
2011/02/25,5.13,1
2011/02/26,7.06,1
2011/02/27,8.55,1
2011/02/28,8.95,1
2011/03/01,7.75,1
2011/03/02,4.67,1
2011/03/03,7.5,1
2011/03/04,4.75,1
2011/03/05,10,1
2011/03/06,5.66,1
2011/03/07,4.78,1
2011/03/08,5.1,1
2011/03/09,7.9,1
2011/03/10,8.85,1
2011/03/11,4.66,1
2011/03/12,9.14,1
2011/03/13,8.18,1
2011/03/14,6.73,1
2011/03/15,4.22,1
2011/03/16,5.86,1
2011/03/17,9.2,1
2011/03/18,5.95,1
2011/03/19,9.05,1
2011/03/20,5.94,1
2011/03/21,6.9,1
2011/03/22,5.76,1
2011/03/23,7.86,1
2011/03/24,5.39,1
2011/03/25,7.52,1
2011/03/26,5.72,1
2011/03/27,4.87,1
2011/03/28,5.42,1
2011/03/29,5.5,1
2011/03/30,8.85,1
2011/03/31,6.69,1
2011/04/01,8.74,1
2011/04/02,9.32,1
2011/04/03,4.88,1
2011/04/04,6.97,1
2011/04/05,7.03,1
2011/04/06,8.71,1
2011/04/07,4.91,1
2011/04/08,6.39,1
2011/04/09,4.97,1
2011/04/10,7.64,1
2011/04/11,7.54,1
2011/04/12,5.42,1
2011/04/13,6.05,1
2011/04/14,9.79,1
2011/04/15,12.57,1
2011/04/16,8,1
2011/04/17,6.81,1
2011/04/18,5.4,1
2011/04/19,4.25,1
2011/04/20,5.5,1
2011/04/21,4.19,1
2011/04/22,9.48,1
2011/04/23,5.59,1
2011/04/24,4.91,1
2011/04/25,5.99,1
2011/04/26,5.5,1
2011/04/27,6.39,1
2011/04/28,5.2,1
2011/04/29,6.35,1
2011/04/30,3.15,0
2011/05/01,6.26,1
2011/05/02,6.46,1
2011/05/03,5.07,1
2011/05/04,8.8,1
2011/05/05,8.97,1
2011/05/06,9.71,1
2011/05/07,6.33,1
2011/05/08,5.57,1
2011/05/09,4.55,1
2011/05/10,7.27,1
2011/05/11,6.3,1
2011/05/12,5.13,1
2011/05/13,7.99,1
2011/05/14,7.58,1
2011/05/15,4.77,1
2011/05/16,4.48,1
2011/05/17,4.75,1
2011/05/18,4.43,1
2011/05/19,7.8,1
2011/05/20,8.45,1
2011/05/21,7.88,1
2011/05/22,8.9,1
2011/05/23,8.47,1
2011/05/24,9.08,1
2011/05/25,7.05,1
2011/05/26,4.42,1
2011/05/27,6.34,1
2011/05/28,6.47,1
2011/05/29,5.61,1
2011/05/30,6.09,1
2011/05/31,5.03,1
2011/06/01,4.41,1
2011/06/02,5.3,1
2011/06/03,5.68,1
2011/06/04,7.37,1
2011/06/05,8.58,1
2011/06/06,7.8,1
2011/06/07,8.61,1
2011/06/08,8.15,1
2011/06/09,9.85,1
2011/06/10,8.22,1
2011/06/11,8.99,1
2011/06/12,5.67,1
2011/06/13,5.77,1
2011/06/14,6.61,1
2011/06/15,7.64,1
2011/06/16,10.98,1
2011/06/17,9.36,1
2011/06/18,8.92,1
2011/06/19,6.53,1
2011/06/20,5.14,1
2011/06/21,8.97,1
2011/06/22,7.39,1
2011/06/23,8.21,1
2011/06/24,7.27,1
2011/06/25,9.43,1
2011/06/26,8.53,1
2011/06/27,6.53,1
2011/06/28,3.29,1
2011/06/29,4.62,1
2011/06/30,5.84,1
2011/07/01,6.4,1
2011/07/02,10.11,1
2011/07/03,12.28,1
2011/07/04,15,1
2011/07/05,19.94,0
2011/07/06,9.12,1
2011/07/07,7.41,1
2011/07/08,11.04,1
2011/07/09,10.54,1
2011/07/10,8.58,1
2011/07/11,6.38,1
2011/07/12,3.6,1
2011/07/13,3.51,1
2011/07/14,4.76,1
2011/07/15,3.78,1
2011/07/16,4.29,1
2011/07/17,2.37,0
2011/07/18,6.52,1
2011/07/19,3.9,1
2011/07/20,7.22,1
2011/07/21,6.69,1
2011/07/22,7.37,1
2011/07/23,7.15,1
2011/07/24,4.89,1
2011/07/25,5.07,1
2011/07/26,4.89,1
2011/07/27,5.95,1
2011/07/28,6.85,1
2011/07/29,6.93,1
2011/07/30,6.95,1
2011/07/31,9.08,1
2011/08/01,7.79,1
2011/08/02,7.05,1
2011/08/03,8.05,1
2011/08/04,6.62,1
2011/08/05,7.07,1
2011/08/06,6.35,1
2011/08/07,6.82,1
2011/08/08,7.13,1
2011/08/09,6.65,1
2011/08/10,8.73,1
2011/08/11,6.86,1
2011/08/12,7.84,1
2011/08/13,8.92,1
2011/08/14,6.14,1
2011/08/15,4.89,1
2011/08/16,5.52,1
2011/08/17,6.71,1
2011/08/18,7.16,1
2011/08/19,8.11,1
2011/08/20,5.37,1
2011/08/21,4.74,1
2011/08/22,6.26,1
2011/08/23,7.38,1
2011/08/24,6.95,1
2011/08/25,10.85,1
2011/08/26,8.47,1
2011/08/27,8.48,1
2011/08/28,8.72,1
2011/08/29,8.29,1
2011/08/30,8.42,1
2011/08/31,8.35,1
2011/09/01,9.19,1
2011/09/02,11.91,1
2011/09/03,9.49,1
2011/09/04,11.29,1
2011/09/05,8.5,1
2011/09/06,8.99,1
2011/09/07,7.14,1
2011/09/08,7.15,1
2011/09/09,10.18,1
2011/09/10,10.52,1
2011/09/11,10.89,1
2011/09/12,10.37,1
2011/09/13,10.28,1
2011/09/14,9.1,1
2011/09/15,8.66,1
2011/09/16,8.3,1
2011/09/17,7.66,1
2011/09/18,8.51,1
2011/09/19,9.18,1
2011/09/20,10.02,1
2011/09/21,7.7,1
2011/09/22,9.78,1
2011/09/23,10.73,1
2011/09/24,5.99,1
2011/09/25,4.69,1
2011/09/26,4.89,1
2011/09/27,8.48,1
2011/09/28,8.99,1
2011/09/29,8.6,1
2011/09/30,7.56,1
2011/10/01,5.43,1
2011/10/02,4.59,1
2011/10/03,5.9,1
2011/10/04,5.97,1
2011/10/05,5.57,1
2011/10/06,4.44,1
2011/10/07,5.91,1
2011/10/08,6.21,1
2011/10/09,6.72,1
2011/10/10,7.39,1
2011/10/11,4.74,1
2011/10/12,5.04,1
2011/10/13,11.38,1
2011/10/14,11.53,1
2011/10/15,9.88,1
2011/10/16,9.04,1
2011/10/17,8.46,1
2011/10/18,8.61,1
2011/10/19,8.26,1
2011/10/20,9.3,1
2011/10/21,9.14,1
2011/10/22,10.72,1
2011/10/23,8.87,1
2011/10/24,14.64,1
2011/10/25,10.09,1
2011/10/26,6.61,1
2011/10/27,8.1,1
2011/10/28,12.55,1
2011/10/29,13.21,1
2011/10/30,10.37,1
2011/10/31,12.1,1
2011/11/01,7.85,1
2011/11/02,7.85,1
2011/11/03,7.84,1
2011/11/04,7.13,1
2011/11/05,6.99,1
2011/11/06,7.72,1
2011/11/07,7.98,1
2011/11/08,8.71,1
2011/11/09,20.47,0
2011/11/10,18.84,0
2011/11/11,11.79,1
2011/11/12,12.02,1
2011/11/13,12.33,1
2011/11/14,10.84,1
2011/11/15,17.36,0
2011/11/16,11.31,1
2011/11/17,6.95,1
2011/11/18,5.84,1
2011/11/19,7.12,1
2011/11/20,8.03,1
2011/11/21,7.15,1
2011/11/22,8.43,1
2011/11/23,7.5,1
2011/11/24,10.92,1
2011/11/25,8.99,1
2011/11/26,11.33,1
2011/11/27,15.87,0
2011/11/28,17.24,0
2011/11/29,18.9,0
2011/11/30,9.16,1
2011/12/01,6.1,1
2011/12/02,8.41,1
2011/12/03,9.09,1
2011/12/04,9.45,1
2011/12/05,13.56,1
2011/12/06,22.78,0
2011/12/07,25.35,0
2011/12/08,26.56,0
2011/12/09,28.19,0
2011/12/10,35.65,0
2011/12/11,18.25,0
2011/12/12,16.21,0
2011/12/13,13.4,1
2011/12/14,12,1
2011/12/15,16.29,0
2011/12/16,12.57,1
2011/12/17,27.5,0
2011/12/18,15.5,0
2011/12/19,10.12,1
2011/12/20,17.94,0
2011/12/21,16.01,0
2011/12/22,6.89,1
2011/12/23,12.7,1
2011/12/24,27.16,0
2011/12/25,50.61,0
2011/12/26,23.17,0
2011/12/27,16.57,0
2011/12/28,19.13,0
2011/12/29,24.31,0
2011/12/30,12.4,1
2011/12/31,8.5,1
,11.65,1